Date,6758.T,7203.T,^N225,total
2017/1/4,10000,9972.315131,10000,9990.77171
2017/1/5,10000,9976.681908,10000,9992.227303
2017/1/6,10000,9963.211903,10000,9987.737301
2017/1/10,10000,9956.205521,10000,9985.40184
2017/1/11,10000,9956.205521,10000,9985.40184
2017/1/12,10000,9956.205521,10000,9985.40184
2017/1/13,10000,9956.205521,9992.857413,9983.020978
2017/1/16,9992.545848,9956.205521,9992.857413,9980.53626
2017/1/17,9992.545848,9956.205521,9992.857413,9980.53626
2017/1/18,9992.545848,9956.205521,9978.75292,9975.834763
2017/1/19,9992.545848,9956.205521,9980.433277,9976.394882
2017/1/20,9992.545848,9956.205521,9980.433277,9976.394882
2017/1/23,9992.545848,9956.205521,9980.433277,9976.394882
2017/1/24,9992.545848,9956.205521,9980.433277,9976.394882
2017/1/25,9992.545848,9956.205521,9980.433277,9976.394882
2017/1/26,9992.545848,9956.205521,9980.433277,9976.394882
2017/1/27,9992.545848,9956.205521,9980.433277,9976.394882
2017/1/30,9992.545848,9956.205521,9980.433277,9976.394882
2017/1/31,9992.545848,9956.205521,9980.433277,9976.394882
2017/2/1,9992.545848,9956.205521,9980.433277,9976.394882
2017/2/2,9992.545848,9956.205521,9980.433277,9976.394882
2017/2/3,9992.545848,9956.205521,9980.433277,9976.394882
2017/2/6,9992.545848,9956.205521,9980.433277,9976.394882
2017/2/7,9992.545848,9956.205521,9980.433277,9976.394882
2017/2/8,9992.545848,9956.205521,9980.433277,9976.394882
2017/2/9,9992.545848,9983.974771,9980.433277,9985.651299
2017/2/10,9992.545848,9983.974771,9980.433277,9985.651299
2017/2/13,9992.545848,9983.974771,9980.433277,9985.651299
2017/2/14,9992.545848,9983.974771,9980.433277,9985.651299
2017/2/15,9992.545848,9983.974771,9980.433277,9985.651299
2017/2/16,9992.545848,9983.974771,9980.433277,9985.651299
2017/2/17,9992.545848,9983.974771,9980.433277,9985.651299
2017/2/20,9992.545848,9983.974771,9980.433277,9985.651299
2017/2/21,9992.545848,9983.974771,9980.433277,9985.651299
2017/2/22,9992.545848,9983.974771,9980.433277,9985.651299
2017/2/23,9992.545848,9983.974771,9980.433277,9985.651299
2017/2/24,9992.545848,9983.974771,9980.433277,9985.651299
2017/2/27,9992.545848,9983.974771,9980.433277,9985.651299
2017/2/28,9992.545848,9983.974771,9980.433277,9985.651299
2017/3/1,9992.545848,9983.974771,9980.433277,9985.651299
2017/3/2,9992.545848,9983.974771,9980.433277,9985.651299
2017/3/3,9992.545848,9983.974771,9980.433277,9985.651299
2017/3/6,9992.545848,9983.974771,9980.433277,9985.651299
2017/3/7,9992.545848,9983.974771,9980.433277,9985.651299
2017/3/8,9992.545848,9983.974771,9980.433277,9985.651299
2017/3/9,9992.545848,9983.974771,9980.433277,9985.651299
2017/3/10,9992.545848,9983.974771,9980.433277,9985.651299
2017/3/13,9992.545848,9983.974771,9980.433277,9985.651299
2017/3/14,9992.545848,9983.974771,9980.433277,9985.651299
2017/3/15,9992.545848,9983.974771,9980.433277,9985.651299
2017/3/16,9992.545848,9983.974771,9980.433277,9985.651299
2017/3/17,9992.545848,9983.974771,9980.433277,9985.651299
2017/3/21,9992.545848,9983.974771,9980.433277,9985.651299
2017/3/22,9992.545848,9983.974771,9980.433277,9985.651299
2017/3/23,9992.545848,9983.974771,9980.433277,9985.651299
2017/3/24,9992.545848,9983.974771,9980.433277,9985.651299
2017/3/27,9992.545848,9983.974771,9980.433277,9985.651299
2017/3/28,9992.545848,9983.974771,9980.433277,9985.651299
2017/3/29,9992.545848,9983.974771,9980.433277,9985.651299
2017/3/30,9992.545848,9983.974771,9980.433277,9985.651299
2017/3/31,9992.545848,9983.974771,9980.433277,9985.651299
2017/4/3,9992.545848,9983.974771,9980.433277,9985.651299
2017/4/4,9992.545848,9983.974771,9980.433277,9985.651299
2017/4/5,9992.545848,9983.974771,9980.433277,9985.651299
2017/4/6,9992.545848,9983.974771,9980.433277,9985.651299
2017/4/7,9992.545848,9983.974771,9980.433277,9985.651299
2017/4/10,9992.545848,9983.974771,9980.433277,9985.651299
2017/4/11,9992.545848,9983.974771,9980.433277,9985.651299
2017/4/12,9992.545848,9983.974771,9980.433277,9985.651299
2017/4/13,9992.545848,9983.974771,9980.433277,9985.651299
2017/4/14,9992.545848,9983.974771,9980.433277,9985.651299
2017/4/17,9992.545848,9983.974771,9980.433277,9985.651299
2017/4/18,9992.545848,9983.974771,9980.433277,9985.651299
2017/4/19,9992.545848,9983.974771,9980.433277,9985.651299
2017/4/20,9992.545848,9983.974771,9980.433277,9985.651299
2017/4/21,9992.545848,9983.974771,9980.433277,9985.651299
2017/4/24,9992.545848,9983.974771,9980.433277,9985.651299
2017/4/25,9992.545848,9983.974771,9980.433277,9985.651299
2017/4/26,9992.545848,9983.974771,9980.433277,9985.651299
2017/4/27,9992.545848,9983.974771,9980.433277,9985.651299
2017/4/28,9992.545848,9983.974771,9980.433277,9985.651299
2017/5/1,9992.545848,9983.974771,9980.433277,9985.651299
2017/5/2,9992.545848,9983.974771,9980.433277,9985.651299
2017/5/8,9992.545848,9983.974771,9980.433277,9985.651299
2017/5/9,9992.545848,9983.974771,9980.433277,9985.651299
2017/5/10,9992.545848,9983.974771,9980.433277,9985.651299
2017/5/11,9988.833062,9983.974771,9980.433277,9984.413703
2017/5/12,9988.833062,9983.974771,9980.433277,9984.413703
2017/5/15,9988.833062,9983.974771,9980.433277,9984.413703
2017/5/16,9988.833062,9983.974771,9980.433277,9984.413703
2017/5/17,9988.833062,9983.974771,9980.433277,9984.413703
2017/5/18,9988.833062,9983.974771,9980.433277,9984.413703
2017/5/19,9988.833062,9983.974771,9980.433277,9984.413703
2017/5/22,9988.833062,9983.974771,9980.433277,9984.413703
2017/5/23,9988.833062,9983.974771,9980.433277,9984.413703
2017/5/24,9988.833062,9983.974771,9980.433277,9984.413703
2017/5/25,9988.833062,9983.974771,9980.433277,9984.413703
2017/5/26,9988.833062,9983.974771,9980.433277,9984.413703
2017/5/29,9988.833062,9983.974771,9980.433277,9984.413703
2017/5/30,9988.833062,9983.974771,9980.433277,9984.413703
2017/5/31,9988.833062,9983.974771,9980.433277,9984.413703
2017/6/1,9988.833062,9983.974771,9980.433277,9984.413703
2017/6/2,9988.833062,9983.974771,9980.433277,9984.413703
2017/6/5,9988.833062,9983.974771,9980.433277,9984.413703
2017/6/6,9988.833062,9983.974771,9980.433277,9984.413703
2017/6/7,9988.833062,9983.974771,9980.433277,9984.413703
2017/6/8,9988.833062,9983.974771,9980.433277,9984.413703
2017/6/9,9988.833062,9983.974771,9975.122775,9982.643536
2017/6/12,9988.833062,9983.974771,9975.122775,9982.643536
2017/6/13,9988.833062,9983.974771,9975.10977,9982.639201
2017/6/14,9988.833062,9983.974771,9995.796614,9989.534816
2017/6/15,9988.833062,9983.974771,10008.72291,9993.84358
2017/6/16,9988.833062,9983.974771,10017.65794,9996.821925
2017/6/19,9988.833062,9983.974771,10013.61185,9995.473229
2017/6/20,9988.833062,9983.974771,10013.61185,9995.473229
2017/6/21,9988.833062,9983.974771,10013.61185,9995.473229
2017/6/22,9988.833062,9983.974771,10013.61185,9995.473229
2017/6/23,9988.833062,9983.974771,10013.61185,9995.473229
2017/6/26,9988.833062,9983.974771,10013.61185,9995.473229
2017/6/27,9988.833062,9983.974771,10013.61185,9995.473229
2017/6/28,9988.833062,9983.974771,10013.61185,9995.473229
2017/6/29,9988.833062,9983.974771,10013.61185,9995.473229
2017/6/30,9988.833062,9983.974771,10013.61185,9995.473229
2017/7/3,9988.833062,9983.974771,9996.709752,9989.839195
2017/7/4,9988.833062,9983.974771,9999.468493,9990.758775
2017/7/5,9988.833062,9983.974771,10000.07524,9990.961023
2017/7/6,9988.833062,9983.974771,10014.00816,9995.60533
2017/7/7,9988.833062,9983.974771,10019.30322,9997.370349
2017/7/10,9988.833062,9983.974771,10019.30322,9997.370349
2017/7/11,9988.833062,9983.974771,10016.17433,9996.327387
2017/7/12,9988.833062,9983.974771,10016.17433,9996.327387
2017/7/13,9988.833062,9983.974771,10016.17433,9996.327387
2017/7/14,9988.833062,9983.974771,10016.17433,9996.327387
2017/7/17,9988.833062,9983.974771,,6657.602611
2017/7/18,9988.833062,9983.974771,10016.17433,9996.327387
2017/7/19,9988.833062,9983.974771,10016.17433,9996.327387
2017/7/20,9988.833062,9983.974771,10016.17433,9996.327387
2017/7/21,9988.833062,9983.974771,10018.81633,9997.208053
2017/7/24,9988.833062,9983.974771,10018.81633,9997.208053
2017/7/25,9988.833062,9983.974771,10018.81633,9997.208053
2017/7/26,9988.833062,9983.974771,10018.81633,9997.208053
2017/7/27,9988.833062,9983.974771,10018.81633,9997.208053
2017/7/28,9988.833062,9983.974771,10018.81633,9997.208053
2017/7/31,9988.833062,9983.974771,10018.81633,9997.208053
2017/8/1,9988.833062,9983.974771,10018.81633,9997.208053
2017/8/2,9988.833062,9983.974771,10018.81633,9997.208053
2017/8/3,9988.833062,9983.974771,10017.77121,9996.85968
2017/8/4,9988.833062,9983.974771,10017.77121,9996.85968
2017/8/7,9988.833062,9983.974771,10004.11948,9992.309103
2017/8/8,9988.833062,9983.974771,9984.504768,9985.770867
2017/8/9,9988.833062,9983.974771,9984.504768,9985.770867
2017/8/10,9988.833062,9983.974771,9984.504768,9985.770867
2017/8/11,9988.833062,9983.974771,9984.504768,9985.770867
2017/8/14,9988.833062,9983.974771,9973.303068,9982.036967
2017/8/15,9988.833062,9983.974771,9960.949029,9977.918954
2017/8/16,9988.833062,9983.974771,9943.675569,9972.161134
2017/8/17,9988.833062,9983.974771,9947.552433,9973.453422
2017/8/18,9988.833062,9983.974771,9947.552433,9973.453422
2017/8/21,9988.833062,9983.974771,9947.552433,9973.453422
2017/8/22,9988.833062,9983.974771,9945.254218,9972.68735
2017/8/23,9988.833062,9983.974771,9942.808453,9971.872095
2017/8/24,9988.833062,9983.974771,9942.808453,9971.872095
2017/8/25,9988.833062,9983.974771,9942.808453,9971.872095
2017/8/28,9988.833062,9983.974771,9942.808453,9971.872095
2017/8/29,9988.833062,9983.974771,9942.808453,9971.872095
2017/8/30,9988.833062,9983.974771,9942.808453,9971.872095
2017/8/31,9988.833062,9983.974771,9942.808453,9971.872095
2017/9/1,9988.833062,9983.974771,9942.808453,9971.872095
2017/9/4,9988.833062,9983.974771,9942.808453,9971.872095
2017/9/5,9988.833062,9983.974771,9950.798112,9974.535315
2017/9/6,9988.833062,9983.974771,9950.798112,9974.535315
2017/9/7,9988.833062,9983.974771,9950.798112,9974.535315
2017/9/8,9988.833062,9983.974771,9950.798112,9974.535315
2017/9/11,9988.833062,9983.974771,9950.798112,9974.535315
2017/9/12,9988.833062,9983.974771,9950.798112,9974.535315
2017/9/13,9988.833062,9983.974771,9950.798112,9974.535315
2017/9/14,9988.833062,9983.974771,9950.798112,9974.535315
2017/9/15,9988.833062,9983.974771,9950.798112,9974.535315
2017/9/18,9988.833062,9983.974771,,6657.602611
2017/9/19,9988.833062,9983.974771,9950.798112,9974.535315
2017/9/20,9988.833062,9983.974771,9950.798112,9974.535315
2017/9/21,9988.833062,9983.974771,9950.798112,9974.535315
2017/9/22,9988.833062,9983.974771,9950.798112,9974.535315
2017/9/25,9988.833062,9983.974771,9950.798112,9974.535315
2017/9/26,9988.833062,9983.974771,9950.798112,9974.535315
2017/9/27,9988.833062,9983.974771,9950.798112,9974.535315
2017/9/28,9988.833062,9983.974771,9950.798112,9974.535315
2017/9/29,9988.833062,9983.974771,9950.798112,9974.535315
2017/10/2,9988.833062,9983.974771,9950.798112,9974.535315
2017/10/3,9988.833062,9983.974771,9950.798112,9974.535315
2017/10/4,9988.833062,9983.974771,9950.798112,9974.535315
2017/10/5,9988.833062,9983.974771,9950.798112,9974.535315
2017/10/6,9988.833062,9983.974771,9950.798112,9974.535315
2017/10/9,9988.833062,9983.974771,,6657.602611
2017/10/10,9988.833062,9983.974771,9950.798112,9974.535315
2017/10/11,9988.833062,9983.974771,9950.798112,9974.535315
2017/10/12,9988.833062,9983.974771,9950.798112,9974.535315
2017/10/13,9988.833062,9983.974771,9950.798112,9974.535315
2017/10/16,9988.833062,9983.974771,9950.798112,9974.535315
2017/10/17,9988.833062,9983.974771,9950.798112,9974.535315
2017/10/18,9988.833062,9983.974771,9950.798112,9974.535315
2017/10/19,9988.833062,9983.974771,9950.798112,9974.535315
2017/10/20,9988.833062,9983.974771,9950.798112,9974.535315
2017/10/23,9988.833062,9983.974771,9950.798112,9974.535315
2017/10/24,9988.833062,9983.974771,9950.798112,9974.535315
2017/10/25,9988.833062,9983.974771,9950.798112,9974.535315
2017/10/26,9988.833062,9983.974771,9950.798112,9974.535315
2017/10/27,9988.833062,9983.974771,9950.798112,9974.535315
2017/10/30,9988.833062,9983.974771,9950.798112,9974.535315
2017/10/31,9988.833062,9983.974771,9950.798112,9974.535315
2017/11/1,9988.833062,9983.974771,9950.798112,9974.535315
2017/11/2,9988.833062,9983.974771,9950.798112,9974.535315
2017/11/3,9988.833062,9983.974771,9950.798112,9974.535315
2017/11/6,9988.833062,9983.974771,9950.798112,9974.535315
2017/11/7,9988.833062,9983.974771,9950.798112,9974.535315
2017/11/8,9988.833062,9983.974771,9950.798112,9974.535315
2017/11/9,9988.833062,9983.974771,9950.798112,9974.535315
2017/11/10,9988.833062,9983.974771,9950.798112,9974.535315
2017/11/13,9988.833062,9983.974771,9950.798112,9974.535315
2017/11/14,9988.833062,9983.974771,9950.798112,9974.535315
2017/11/15,9988.833062,9990.407896,9950.798112,9976.67969
2017/11/16,9988.833062,9990.407896,9950.798112,9976.67969
2017/11/17,9988.833062,9990.407896,9950.798112,9976.67969
2017/11/20,9988.833062,9990.407896,9950.798112,9976.67969
2017/11/21,9988.833062,9990.407896,9950.798112,9976.67969
2017/11/22,9988.833062,9990.407896,9950.798112,9976.67969
2017/11/23,9988.833062,9990.407896,,6659.746986
2017/11/24,9988.833062,9990.407896,9950.798112,9976.67969
2017/11/27,9988.833062,9990.407896,9950.798112,9976.67969
2017/11/28,9988.833062,9990.407896,9950.798112,9976.67969
2017/11/29,9988.833062,9990.407896,9950.798112,9976.67969
2017/11/30,9988.833062,9990.407896,9950.798112,9976.67969
2017/12/1,9988.833062,9990.407896,9950.798112,9976.67969
2017/12/4,9988.833062,9990.407896,9950.798112,9976.67969
2017/12/5,9988.833062,9990.407896,9950.798112,9976.67969
2017/12/6,9983.087128,9990.407896,9950.798112,9974.764379
2017/12/7,9968.781477,9990.407896,9950.798112,9969.995828
2017/12/8,9968.781477,9990.407896,9950.798112,9969.995828
2017/12/11,9968.781477,9990.407896,9950.798112,9969.995828
2017/12/12,9968.781477,9990.407896,9950.798112,9969.995828
2017/12/13,9968.781477,9990.407896,9950.798112,9969.995828
2017/12/14,9968.781477,9990.407896,9950.798112,9969.995828
2017/12/15,9968.781477,9990.407896,9950.798112,9969.995828
2017/12/18,9968.781477,9990.407896,9950.798112,9969.995828
2017/12/19,9968.781477,9990.407896,9950.798112,9969.995828
2017/12/20,9968.781477,9990.407896,9950.798112,9969.995828
2017/12/21,9968.781477,9990.407896,9950.798112,9969.995828
2017/12/22,9968.781477,9990.407896,9950.798112,9969.995828
2017/12/25,9968.781477,9990.407896,9950.798112,9969.995828
2017/12/26,9968.781477,9990.407896,9950.798112,9969.995828
2017/12/27,9968.781477,9990.407896,9950.798112,9969.995828
2017/12/28,9968.781477,9990.407896,9950.798112,9969.995828
2017/12/29,9968.781477,9990.407896,9950.798112,9969.995828
2018/1/1,9968.781477,9990.407896,,6653.063124
2018/1/2,9968.781477,,,3322.927159
2018/1/3,9968.781477,,,3322.927159
2018/1/4,9968.781477,9990.407896,9950.798112,9969.995828
2018/1/5,9968.781477,9990.407896,9950.798112,9969.995828
2018/1/8,9968.781477,9990.407896,,6653.063124
2018/1/9,9968.781477,9990.407896,9950.798112,9969.995828
2018/1/10,9959.088669,9990.407896,9950.798112,9966.764892
2018/1/11,9927.87896,9990.407896,9950.798112,9956.361656
2018/1/12,9928.96213,9990.407896,9950.798112,9956.722713
2018/1/15,9930.969783,9990.407896,9950.798112,9957.39193
2018/1/16,9950.879492,9990.407896,9950.798112,9964.0285
2018/1/17,9950.879492,9990.407896,9950.798112,9964.0285
2018/1/18,9950.879492,9990.407896,9950.798112,9964.0285
2018/1/19,9950.879492,9990.407896,9950.798112,9964.0285
2018/1/22,9950.879492,9990.407896,9950.798112,9964.0285
2018/1/23,9950.879492,9990.407896,9950.798112,9964.0285
2018/1/24,9950.879492,9990.407896,9950.798112,9964.0285
2018/1/25,9912.246343,9990.407896,9950.798112,9951.150784
2018/1/26,9912.246343,9990.407896,9950.798112,9951.150784
2018/1/29,9912.246343,9990.407896,9950.798112,9951.150784
2018/1/30,9992.424759,9990.407896,9950.798112,9977.876922
2018/1/31,9992.424759,9949.577324,9950.798112,9964.266732
2018/2/1,9992.424759,9954.577109,9950.798112,9965.933327
2018/2/2,9992.424759,9954.577109,9950.798112,9965.933327
2018/2/5,9992.424759,9969.304939,9950.798112,9970.842603
2018/2/6,9992.424759,9951.220572,9950.798112,9964.814481
2018/2/7,9992.424759,9954.562712,9950.798112,9965.928528
2018/2/8,9992.424759,9947.559316,9950.798112,9963.594062
2018/2/9,9992.424759,9947.559316,9950.798112,9963.594062
2018/2/12,9992.424759,9947.559316,,6646.661358
2018/2/13,9992.424759,9943.699294,9950.798112,9962.307389
2018/2/14,9992.424759,9943.699294,9950.798112,9962.307389
2018/2/15,9992.424759,9943.699294,9950.798112,9962.307389
2018/2/16,9992.424759,9943.699294,9950.798112,9962.307389
2018/2/19,9992.424759,9943.699294,9950.798112,9962.307389
2018/2/20,9992.424759,9943.699294,9950.798112,9962.307389
2018/2/21,9992.424759,9943.699294,9950.798112,9962.307389
2018/2/22,9992.424759,9943.699294,9950.798112,9962.307389
2018/2/23,9992.424759,9943.699294,9950.798112,9962.307389
2018/2/26,9992.424759,9943.699294,9950.798112,9962.307389
2018/2/27,9992.424759,9943.699294,9950.798112,9962.307389
2018/2/28,9992.424759,9943.699294,9950.798112,9962.307389
2018/3/1,10007.27893,9943.699294,9950.798112,9967.25878
2018/3/2,10007.27893,9943.699294,9950.798112,9967.25878
2018/3/5,10007.27893,9943.699294,9950.798112,9967.25878
2018/3/6,10007.27893,9943.699294,9950.798112,9967.25878
2018/3/7,10007.27893,9943.699294,9950.798112,9967.25878
2018/3/8,9985.994376,9943.699294,9950.798112,9960.163927
2018/3/9,9985.994376,9943.699294,9950.798112,9960.163927
2018/3/12,9985.994376,9943.699294,9950.798112,9960.163927
2018/3/13,9985.994376,9943.699294,9950.798112,9960.163927
2018/3/14,9985.994376,9943.699294,9950.798112,9960.163927
2018/3/15,9926.049024,9943.699294,9950.798112,9940.182144
2018/3/16,9899.702739,9943.699294,9950.798112,9931.400049
2018/3/19,9899.702739,9943.699294,9950.798112,9931.400049
2018/3/20,9899.702739,9943.699294,9950.798112,9931.400049
2018/3/21,9891.169106,9943.699294,,6611.6228
2018/3/22,9907.901314,9943.699294,9950.798112,9934.132907
2018/3/23,9934.606489,10087.15121,9950.798112,9990.851938
2018/3/26,9934.606489,10203.56361,9950.798112,10029.65607
2018/3/27,9934.606489,10203.56361,9950.798112,10029.65607
2018/3/28,9934.606489,10203.56361,9950.798112,10029.65607
2018/3/29,9934.606489,10203.56361,9950.798112,10029.65607
2018/3/30,9934.606489,10203.56361,9950.798112,10029.65607
2018/4/2,9934.606489,10203.56361,9950.798112,10029.65607
2018/4/3,9934.606489,10203.56361,9950.798112,10029.65607
2018/4/4,9934.606489,10203.56361,9950.798112,10029.65607
2018/4/5,9934.606489,10203.56361,9950.798112,10029.65607
2018/4/6,9934.606489,10203.56361,9950.798112,10029.65607
2018/4/9,9934.606489,10203.56361,9950.798112,10029.65607
2018/4/10,9924.945756,10203.56361,9950.798112,10026.43583
2018/4/11,9926.26949,10203.56361,9950.798112,10026.87707
2018/4/12,9926.26949,10203.56361,9950.798112,10026.87707
2018/4/13,9926.26949,10203.56361,9950.798112,10026.87707
2018/4/16,9926.26949,10203.56361,9950.798112,10026.87707
2018/4/17,9926.26949,10203.56361,9950.798112,10026.87707
2018/4/18,9922.007899,10203.56361,9950.798112,10025.45654
2018/4/19,9933.104667,10203.56361,9950.798112,10029.15546
2018/4/20,9945.398186,10203.56361,9950.798112,10033.2533
2018/4/23,9945.398186,10203.56361,9950.798112,10033.2533
2018/4/24,9945.398186,10203.56361,9950.798112,10033.2533
2018/4/25,9945.398186,10203.56361,9950.798112,10033.2533
2018/4/26,9945.398186,10203.56361,9950.798112,10033.2533
2018/4/27,9945.398186,10203.56361,9950.798112,10033.2533
2018/4/30,9945.398186,10203.56361,,6716.320599
2018/5/1,9957.724777,10203.56361,9950.798112,10037.36217
2018/5/2,9957.724777,10203.56361,9950.798112,10037.36217
2018/5/3,9957.724777,10203.56361,,6720.429463
2018/5/4,9957.724777,,,3319.241592
2018/5/7,9957.724777,10203.56361,9950.798112,10037.36217
2018/5/8,9957.724777,10203.56361,9950.798112,10037.36217
2018/5/9,9957.724777,10203.56361,9950.798112,10037.36217
2018/5/10,9957.724777,10203.56361,9950.798112,10037.36217
2018/5/11,9957.724777,10203.56361,9950.798112,10037.36217
2018/5/14,9957.724777,10203.56361,9950.798112,10037.36217
2018/5/15,9957.724777,10203.56361,9950.798112,10037.36217
2018/5/16,9957.724777,10203.56361,9950.798112,10037.36217
2018/5/17,9957.724777,10203.56361,9950.798112,10037.36217
2018/5/18,9957.724777,10203.56361,9950.798112,10037.36217
2018/5/21,9957.724777,10203.56361,9950.798112,10037.36217
2018/5/22,9957.724777,10203.56361,9950.798112,10037.36217
2018/5/23,9957.724777,10203.56361,9950.798112,10037.36217
2018/5/24,9957.724777,10203.56361,9950.798112,10037.36217
2018/5/25,9957.724777,10203.56361,9950.798112,10037.36217
2018/5/28,9957.724777,10203.56361,9950.798112,10037.36217
2018/5/29,9957.724777,10203.56361,9950.798112,10037.36217
2018/5/30,9957.724777,10203.56361,9950.798112,10037.36217
2018/5/31,9957.724777,10203.56361,9950.798112,10037.36217
2018/6/1,9957.724777,10203.56361,9950.798112,10037.36217
2018/6/4,9957.724777,10203.56361,9950.798112,10037.36217
2018/6/5,9957.724777,10203.56361,9950.798112,10037.36217
2018/6/6,9965.800833,10203.56361,9950.798112,10040.05419
2018/6/7,9965.800833,10203.56361,9950.798112,10040.05419
2018/6/8,9965.800833,10203.56361,9950.798112,10040.05419
2018/6/11,9965.800833,10203.56361,9950.798112,10040.05419
2018/6/12,9965.800833,10203.56361,9950.798112,10040.05419
2018/6/13,9965.800833,10203.56361,9950.798112,10040.05419
2018/6/14,9965.800833,10203.56361,9950.798112,10040.05419
2018/6/15,9965.800833,10203.56361,9950.798112,10040.05419
2018/6/18,9965.800833,10203.56361,9950.798112,10040.05419
2018/6/19,9965.800833,10203.56361,9950.798112,10040.05419
2018/6/20,9965.800833,10203.56361,9950.798112,10040.05419
2018/6/21,9965.800833,10203.56361,9950.798112,10040.05419
2018/6/22,9965.800833,10203.56361,9950.798112,10040.05419
2018/6/25,9965.800833,10203.56361,9950.798112,10040.05419
2018/6/26,9965.800833,10203.56361,9950.798112,10040.05419
2018/6/27,9965.800833,10203.56361,9950.798112,10040.05419
2018/6/28,9965.800833,10203.56361,9950.798112,10040.05419
2018/6/29,9965.800833,10203.56361,9950.798112,10040.05419
2018/7/2,9965.800833,10203.56361,9950.798112,10040.05419
2018/7/3,9965.800833,10203.56361,9950.798112,10040.05419
2018/7/4,9965.800833,10203.56361,9950.798112,10040.05419
2018/7/5,10013.16921,10203.56361,9950.798112,10055.84365
2018/7/6,10066.61756,10203.56361,9950.798112,10073.65976
2018/7/9,10066.61756,10203.56361,9950.798112,10073.65976
2018/7/10,10066.61756,10203.56361,9950.798112,10073.65976
2018/7/11,10066.61756,10203.56361,9950.798112,10073.65976
2018/7/12,10099.98921,10203.56361,9950.798112,10084.78364
2018/7/13,10099.98921,10203.56361,9950.798112,10084.78364
2018/7/16,10099.98921,10203.56361,9950.798112,10084.78364
2018/7/17,10099.98921,10203.56361,9950.798112,10084.78364
2018/7/18,10099.98921,10203.56361,9950.798112,10084.78364
2018/7/19,10099.98921,10203.56361,9950.798112,10084.78364
2018/7/20,10099.98921,10203.56361,9950.798112,10084.78364
2018/7/23,10099.98921,10203.56361,9950.798112,10084.78364
2018/7/24,10099.98921,10203.56361,9950.798112,10084.78364
2018/7/25,10099.98921,10203.56361,9950.798112,10084.78364
2018/7/26,10099.98921,10203.56361,9950.798112,10084.78364
2018/7/27,10099.98921,10203.56361,9950.798112,10084.78364
2018/7/30,10099.98921,10203.56361,9950.798112,10084.78364
2018/7/31,10107.04761,10203.56361,9950.798112,10087.13644
2018/8/1,10107.04761,10203.56361,9950.798112,10087.13644
2018/8/2,10107.04761,10203.56361,9950.798112,10087.13644
2018/8/3,10107.04761,10203.56361,9950.798112,10087.13644
2018/8/6,10107.04761,10203.56361,9950.798112,10087.13644
2018/8/7,10107.04761,10203.56361,9950.798112,10087.13644
2018/8/8,10107.04761,10203.56361,9950.798112,10087.13644
2018/8/9,10107.04761,10203.56361,9950.798112,10087.13644
2018/8/10,10107.04761,10203.56361,9950.798112,10087.13644
2018/8/13,10107.04761,10203.56361,9950.798112,10087.13644
2018/8/14,10107.04761,10203.56361,9950.798112,10087.13644
2018/8/15,10107.04761,10203.56361,9950.798112,10087.13644
2018/8/16,10103.0583,10203.56361,9950.798112,10085.80667
2018/8/17,10103.0583,10203.56361,9950.798112,10085.80667
2018/8/20,10103.0583,10203.56361,9950.798112,10085.80667
2018/8/21,10103.0583,10203.56361,9950.798112,10085.80667
2018/8/22,10141.66773,10203.56361,9950.798112,10098.67649
2018/8/23,10174.93678,10203.56361,9950.798112,10109.76617
2018/8/24,10174.93678,10203.56361,9950.798112,10109.76617
2018/8/27,10174.93678,10203.56361,9950.798112,10109.76617
2018/8/28,10174.93678,10203.56361,9950.798112,10109.76617
2018/8/29,10174.93678,10203.56361,9950.798112,10109.76617
2018/8/30,10174.93678,10203.56361,9950.798112,10109.76617
2018/8/31,10174.93678,10203.56361,9950.798112,10109.76617
2018/9/3,10174.93678,10203.56361,9950.798112,10109.76617
2018/9/4,10174.93678,10203.56361,9950.798112,10109.76617
2018/9/5,10174.93678,10203.56361,9950.798112,10109.76617
2018/9/6,10174.93678,10203.56361,9950.798112,10109.76617
2018/9/7,10174.93678,10203.56361,9950.798112,10109.76617
2018/9/10,10174.93678,10203.56361,9950.798112,10109.76617
2018/9/11,10174.93678,10203.56361,9950.798112,10109.76617
2018/9/12,10174.93678,10203.56361,9950.798112,10109.76617
2018/9/13,10174.93678,10203.56361,9950.798112,10109.76617
2018/9/14,10174.93678,10203.56361,9950.798112,10109.76617
2018/9/17,10174.93678,10203.56361,,6792.833465
2018/9/18,10174.93678,10203.56361,9950.798112,10109.76617
2018/9/19,10174.93678,10203.56361,9950.798112,10109.76617
2018/9/20,10174.93678,10203.56361,9950.798112,10109.76617
2018/9/21,10174.93678,10203.56361,9950.798112,10109.76617
2018/9/24,10174.93678,10203.56361,,6792.833465
2018/9/25,10174.93678,10203.56361,9950.798112,10109.76617
2018/9/26,10174.93678,10203.56361,9950.798112,10109.76617
2018/9/27,10174.93678,10203.56361,9950.798112,10109.76617
2018/9/28,10174.93678,10203.56361,9950.798112,10109.76617
2018/10/1,10174.93678,10203.56361,9950.798112,10109.76617
2018/10/2,10174.93678,10203.56361,9950.798112,10109.76617
2018/10/3,10174.93678,10203.56361,9950.798112,10109.76617
2018/10/4,10174.93678,10203.56361,9950.798112,10109.76617
2018/10/5,10174.93678,10203.56361,9950.798112,10109.76617
2018/10/8,10174.93678,10203.56361,,6792.833465
2018/10/9,10174.93678,10203.56361,9950.798112,10109.76617
2018/10/10,10174.93678,10203.56361,9950.798112,10109.76617
2018/10/11,10218.67026,10203.56361,9950.798112,10124.34399
2018/10/12,10218.67026,10214.69989,9950.798112,10128.05609
2018/10/15,10218.67026,10214.69989,9950.798112,10128.05609
2018/10/16,10218.67026,10214.69989,9950.798112,10128.05609
2018/10/17,10218.67026,10214.69989,9950.798112,10128.05609
2018/10/18,10218.67026,10214.69989,9950.798112,10128.05609
2018/10/19,10218.67026,10214.69989,9950.798112,10128.05609
2018/10/22,10218.67026,10214.69989,9950.798112,10128.05609
2018/10/23,10218.67026,10214.69989,9950.798112,10128.05609
2018/10/24,10218.67026,10214.69989,9950.798112,10128.05609
2018/10/25,10218.67026,10214.69989,9950.798112,10128.05609
2018/10/26,10218.67026,10214.69989,9950.798112,10128.05609
2018/10/29,10218.67026,10214.69989,9950.798112,10128.05609
2018/10/30,10218.67026,10214.69989,9950.798112,10128.05609
2018/10/31,10218.67026,10214.69989,9950.798112,10128.05609
2018/11/1,10218.67026,10214.69989,9950.798112,10128.05609
2018/11/2,10218.67026,10214.69989,9950.798112,10128.05609
2018/11/5,10218.67026,10214.69989,9950.798112,10128.05609
2018/11/6,10218.67026,10214.69989,9950.798112,10128.05609
2018/11/7,10218.67026,10214.69989,9950.798112,10128.05609
2018/11/8,10218.67026,10214.69989,9950.798112,10128.05609
2018/11/9,10218.67026,10214.69989,9950.798112,10128.05609
2018/11/12,10218.67026,10214.69989,9950.798112,10128.05609
2018/11/13,10218.67026,10214.69989,9950.798112,10128.05609
2018/11/14,10218.67026,10214.69989,9950.798112,10128.05609
2018/11/15,10218.67026,10214.69989,9950.798112,10128.05609
2018/11/16,10218.67026,10214.69989,9950.798112,10128.05609
2018/11/19,10218.67026,10214.69989,9950.798112,10128.05609
2018/11/20,10218.67026,10214.69989,9950.798112,10128.05609
2018/11/21,10218.67026,10214.69989,9950.798112,10128.05609
2018/11/22,10218.67026,10214.69989,9950.798112,10128.05609
2018/11/23,10218.67026,10214.69989,,6811.123383
2018/11/26,10218.67026,10214.69989,9950.798112,10128.05609
2018/11/27,10218.67026,10214.69989,9950.798112,10128.05609
2018/11/28,10218.67026,10214.69989,9950.798112,10128.05609
2018/11/29,10218.67026,10214.69989,9950.798112,10128.05609
2018/11/30,10218.67026,10214.69989,9950.798112,10128.05609
2018/12/3,10218.67026,10214.69989,9950.798112,10128.05609
2018/12/4,10218.67026,10214.69989,9950.798112,10128.05609
2018/12/5,10218.67026,10214.69989,9950.798112,10128.05609
2018/12/6,10218.67026,10214.69989,9950.798112,10128.05609
2018/12/7,10218.67026,10214.69989,9950.798112,10128.05609
2018/12/10,10218.67026,10214.69989,9950.798112,10128.05609
2018/12/11,10218.67026,10214.69989,9950.798112,10128.05609
2018/12/12,10218.67026,10214.69989,9950.798112,10128.05609
2018/12/13,10218.67026,10214.69989,9950.798112,10128.05609
2018/12/14,10218.67026,10214.69989,9950.798112,10128.05609
2018/12/17,10218.67026,10214.69989,9950.798112,10128.05609
2018/12/18,10218.67026,10214.69989,9950.798112,10128.05609
2018/12/19,10218.67026,10214.69989,9950.798112,10128.05609
2018/12/20,10218.67026,10214.69989,9950.798112,10128.05609
2018/12/21,10218.67026,10214.69989,9950.798112,10128.05609
2018/12/24,10218.67026,10214.69989,,6811.123383
2018/12/25,10218.67026,10214.69989,9950.798112,10128.05609
2018/12/26,10218.67026,10214.69989,9950.798112,10128.05609
2018/12/27,10218.67026,10214.69989,9950.798112,10128.05609
2018/12/28,10218.67026,10214.69989,9950.798112,10128.05609
2018/12/31,10218.67026,10214.69989,,6811.123383
2019/1/4,10218.67026,10214.69989,9950.798112,10128.05609
2019/1/7,10218.67026,10214.69989,9950.798112,10128.05609
2019/1/8,10218.67026,10214.69989,9950.798112,10128.05609
2019/1/9,10218.67026,10214.69989,9950.798112,10128.05609
2019/1/10,10218.67026,10214.69989,9962.85898,10132.07638
2019/1/11,10218.67026,10214.69989,9962.85898,10132.07638
2019/1/15,10218.67026,10214.69989,9962.85898,10132.07638
2019/1/16,10218.67026,10214.69989,9962.85898,10132.07638
2019/1/17,10218.67026,10214.69989,9962.85898,10132.07638
2019/1/18,10218.67026,10214.69989,9962.85898,10132.07638
2019/1/21,10218.67026,10214.69989,9962.85898,10132.07638
2019/1/22,10218.67026,10214.69989,9962.85898,10132.07638
2019/1/23,10218.67026,10214.69989,9962.85898,10132.07638
2019/1/24,10218.67026,10214.69989,9962.85898,10132.07638
2019/1/25,10218.67026,10214.69989,9962.85898,10132.07638
2019/1/28,10218.67026,10214.69989,9962.85898,10132.07638
2019/1/29,10218.67026,10214.69989,9962.85898,10132.07638
2019/1/30,10218.67026,10214.69989,9962.85898,10132.07638
2019/1/31,10218.67026,10214.69989,9962.85898,10132.07638
2019/2/1,10218.67026,10214.69989,9962.85898,10132.07638
2019/2/4,10218.67026,10214.69989,9962.85898,10132.07638
2019/2/5,10218.67026,10214.69989,9962.85898,10132.07638
2019/2/6,10218.67026,10214.69989,9962.85898,10132.07638
2019/2/7,10218.67026,10238.57735,9962.85898,10140.03553
2019/2/8,10218.67026,10261.50346,9962.85898,10147.67757
2019/2/12,10218.67026,10261.50346,9962.85898,10147.67757
2019/2/13,10218.67026,10261.50346,9962.85898,10147.67757
2019/2/14,10218.67026,10261.50346,9962.85898,10147.67757
2019/2/15,10218.67026,10261.50346,9962.85898,10147.67757
2019/2/18,10218.67026,10261.50346,9962.85898,10147.67757
2019/2/19,10218.67026,10261.50346,9962.85898,10147.67757
2019/2/20,10218.67026,10261.50346,9962.85898,10147.67757
2019/2/21,10218.67026,10261.50346,9962.85898,10147.67757
2019/2/22,10228.85539,10261.50346,9962.85898,10151.07261
2019/2/25,10222.88288,10261.50346,9962.85898,10149.08177
2019/2/26,10222.88288,10261.50346,9962.85898,10149.08177
2019/2/27,10222.88288,10261.50346,9962.85898,10149.08177
2019/2/28,10222.88288,10261.50346,9962.85898,10149.08177
2019/3/1,10222.88288,10261.50346,9962.85898,10149.08177
2019/3/4,10222.88288,10261.50346,9962.85898,10149.08177
2019/3/5,10222.88288,10261.50346,9962.85898,10149.08177
2019/3/6,10222.88288,10261.50346,9962.85898,10149.08177
2019/3/7,10222.88288,10261.50346,9962.85898,10149.08177
2019/3/8,10222.88288,10261.50346,9962.85898,10149.08177
2019/3/11,10222.88288,10261.50346,9962.85898,10149.08177
2019/3/12,10222.88288,10261.50346,9962.85898,10149.08177
2019/3/13,10222.88288,10261.50346,9962.85898,10149.08177
2019/3/14,10222.88288,10261.50346,9962.85898,10149.08177
2019/3/15,10222.88288,10261.50346,9962.85898,10149.08177
2019/3/18,10222.88288,10261.50346,9962.85898,10149.08177
2019/3/19,10222.88288,10261.50346,9962.85898,10149.08177
2019/3/20,10222.88288,10261.50346,9962.85898,10149.08177
2019/3/22,10222.88288,10261.50346,9962.85898,10149.08177
2019/3/25,10237.26664,10261.50346,9962.85898,10153.87636
2019/3/26,10237.26664,10261.50346,9962.85898,10153.87636
2019/3/27,10237.26664,10261.50346,9962.85898,10153.87636
2019/3/28,10237.26664,10261.50346,9962.85898,10153.87636
2019/3/29,10237.26664,10261.50346,9962.85898,10153.87636
2019/4/1,10237.26664,10261.50346,9962.85898,10153.87636
2019/4/2,10237.26664,10261.50346,9962.85898,10153.87636
2019/4/3,10237.26664,10261.50346,9962.85898,10153.87636
2019/4/4,10237.26664,10261.50346,9962.85898,10153.87636
2019/4/5,10237.26664,10261.50346,9962.85898,10153.87636
2019/4/8,10237.26664,10261.50346,9962.85898,10153.87636
2019/4/9,10237.26664,10261.50346,9962.85898,10153.87636
2019/4/10,10237.26664,10261.50346,9962.85898,10153.87636
2019/4/11,10237.26664,10261.50346,9962.85898,10153.87636
2019/4/12,10237.26664,10261.50346,9962.85898,10153.87636
2019/4/15,10237.26664,10261.50346,9962.85898,10153.87636
2019/4/16,10237.26664,10261.50346,9962.85898,10153.87636
2019/4/17,10237.26664,10261.50346,9962.85898,10153.87636
2019/4/18,10237.26664,10261.50346,9962.85898,10153.87636
2019/4/19,10237.26664,10261.50346,9962.85898,10153.87636
2019/4/22,10237.26664,10261.50346,9962.85898,10153.87636
2019/4/23,10237.26664,10261.50346,9962.85898,10153.87636
2019/4/24,10237.26664,10261.50346,9962.85898,10153.87636
2019/4/25,10237.26664,10261.50346,9962.85898,10153.87636
2019/4/26,10237.26664,10261.50346,9962.85898,10153.87636
2019/5/7,10237.26664,10261.50346,9962.85898,10153.87636
2019/5/8,10237.26664,10261.50346,9962.85898,10153.87636
2019/5/9,10237.26664,10259.67415,9962.85898,10153.26659
2019/5/10,10237.26664,10259.67415,9962.85898,10153.26659
2019/5/13,10237.26664,10259.67415,9962.85898,10153.26659
2019/5/14,10237.26664,10259.67415,9962.85898,10153.26659
2019/5/15,10237.26664,10259.67415,9962.85898,10153.26659
2019/5/16,10237.26664,10259.67415,9962.85898,10153.26659
2019/5/17,10237.26664,10259.67415,9962.85898,10153.26659
2019/5/20,10237.26664,10259.67415,9962.85898,10153.26659
2019/5/21,10237.26664,10259.67415,9962.85898,10153.26659
2019/5/22,10237.26664,10259.67415,9962.85898,10153.26659
2019/5/23,10237.26664,10259.67415,9962.85898,10153.26659
2019/5/24,10237.26664,10259.67415,9962.85898,10153.26659
2019/5/27,10237.26664,10259.67415,9962.85898,10153.26659
2019/5/28,10237.26664,10259.67415,9962.85898,10153.26659
2019/5/29,10237.26664,10259.67415,9962.85898,10153.26659
2019/5/30,10226.3135,10259.67415,9962.85898,10149.61554
2019/5/31,10226.50746,10259.67415,9962.85898,10149.68019
2019/6/3,10223.20139,10259.67415,9962.85898,10148.57817
2019/6/4,10223.20139,10259.67415,9962.85898,10148.57817
2019/6/5,10223.20139,10259.67415,9962.85898,10148.57817
2019/6/6,10223.20139,10259.67415,9962.85898,10148.57817
2019/6/7,10223.20139,10259.67415,9962.85898,10148.57817
2019/6/10,10223.20139,10259.67415,9962.85898,10148.57817
2019/6/11,10223.20139,10259.67415,9962.85898,10148.57817
2019/6/12,10223.20139,10259.67415,9962.85898,10148.57817
2019/6/13,10223.20139,10259.67415,9962.85898,10148.57817
2019/6/14,10223.20139,10259.67415,9962.85898,10148.57817
2019/6/17,10223.20139,10259.67415,9962.85898,10148.57817
2019/6/18,10223.20139,10259.67415,9962.85898,10148.57817
2019/6/19,10223.20139,10259.67415,9962.85898,10148.57817
2019/6/20,10223.20139,10259.67415,9962.85898,10148.57817
2019/6/21,10223.20139,10259.67415,9962.85898,10148.57817
2019/6/24,10223.20139,10259.67415,9962.85898,10148.57817
2019/6/25,10223.20139,10259.67415,9962.85898,10148.57817
2019/6/26,10223.20139,10259.67415,9962.85898,10148.57817
2019/6/27,10223.20139,10259.67415,9962.85898,10148.57817
2019/6/28,10223.20139,10259.67415,9962.85898,10148.57817
2019/7/1,10223.20139,10259.67415,9962.85898,10148.57817
2019/7/2,10223.20139,10259.67415,9962.85898,10148.57817
2019/7/3,10223.20139,10259.67415,9962.85898,10148.57817
2019/7/4,10223.20139,10259.67415,9962.85898,10148.57817
2019/7/5,10223.20139,10259.67415,9962.85898,10148.57817
2019/7/8,10223.20139,10259.67415,9962.85898,10148.57817
2019/7/9,10223.20139,10259.67415,9962.85898,10148.57817
2019/7/10,10223.20139,10259.67415,9962.85898,10148.57817
2019/7/11,10223.20139,10259.67415,9962.85898,10148.57817
2019/7/12,10223.20139,10259.67415,9962.85898,10148.57817
2019/7/16,10223.20139,10259.67415,9962.85898,10148.57817
2019/7/17,10223.20139,10259.67415,9962.85898,10148.57817
2019/7/18,10223.20139,10259.67415,9962.85898,10148.57817
2019/7/19,10223.20139,10259.67415,9962.85898,10148.57817
2019/7/22,10223.20139,10259.67415,9962.85898,10148.57817
2019/7/23,10223.20139,10259.67415,9962.85898,10148.57817
2019/7/24,10223.20139,10259.67415,9962.85898,10148.57817
2019/7/25,10223.20139,10259.67415,9962.85898,10148.57817
2019/7/26,10223.20139,10259.67415,9962.85898,10148.57817
2019/7/29,10223.20139,10259.67415,9962.85898,10148.57817
2019/7/30,10223.20139,10259.67415,9962.85898,10148.57817
2019/7/31,10223.20139,10259.67415,9962.85898,10148.57817
2019/8/1,10223.20139,10259.67415,9962.85898,10148.57817
2019/8/2,10223.20139,10259.67415,9962.85898,10148.57817
2019/8/5,10223.20139,10259.67415,9962.85898,10148.57817
2019/8/6,10223.20139,10261.45537,9962.85898,10149.17191
2019/8/7,10223.20139,10261.45537,9962.85898,10149.17191
2019/8/8,10223.20139,10261.45537,9962.85898,10149.17191
2019/8/9,10223.20139,10261.45537,9962.85898,10149.17191
2019/8/13,10223.20139,10261.45537,9962.85898,10149.17191
2019/8/14,10223.20139,10261.45537,9962.85898,10149.17191
2019/8/15,10223.20139,10261.45537,9962.85898,10149.17191
2019/8/16,10223.20139,10261.45537,9962.85898,10149.17191
2019/8/19,10223.20139,10261.45537,9962.85898,10149.17191
2019/8/20,10223.20139,10261.45537,9962.85898,10149.17191
2019/8/21,10223.20139,10261.45537,9962.85898,10149.17191
2019/8/22,10223.20139,10261.45537,9962.85898,10149.17191
2019/8/23,10243.47845,10261.45537,9962.85898,10155.93093
2019/8/26,10243.47845,10261.45537,9962.85898,10155.93093
2019/8/27,10243.47845,10261.45537,9962.85898,10155.93093
2019/8/28,10243.47845,10261.45537,9962.85898,10155.93093
2019/8/29,10243.47845,10261.45537,9962.85898,10155.93093
2019/8/30,10243.47845,10261.45537,9962.85898,10155.93093
2019/9/2,10243.47845,10261.45537,9962.85898,10155.93093
2019/9/3,10243.47845,10261.45537,9962.85898,10155.93093
2019/9/4,10243.47845,10261.45537,9962.85898,10155.93093
2019/9/5,10243.47845,10261.45537,9962.85898,10155.93093
2019/9/6,10243.47845,10261.45537,9962.85898,10155.93093
2019/9/9,10243.47845,10261.45537,9962.85898,10155.93093
2019/9/10,10243.47845,10261.45537,9962.85898,10155.93093
2019/9/11,10243.47845,10261.45537,9962.85898,10155.93093
2019/9/12,10243.47845,10261.45537,9962.85898,10155.93093
2019/9/13,10243.47845,10261.45537,9962.85898,10155.93093
2019/9/17,10243.47845,10261.45537,9962.85898,10155.93093
2019/9/18,10243.47845,10261.45537,9962.85898,10155.93093
2019/9/19,10243.47845,10261.45537,9962.85898,10155.93093
2019/9/20,10243.47845,10261.45537,9962.85898,10155.93093
2019/9/24,10243.47845,10261.45537,9962.85898,10155.93093
2019/9/25,10243.47845,10261.45537,9962.85898,10155.93093
2019/9/26,10243.47845,10261.45537,9962.85898,10155.93093
2019/9/27,10243.47845,10261.45537,9962.85898,10155.93093
2019/9/30,10243.47845,10261.45537,9962.85898,10155.93093
2019/10/1,10243.47845,10261.45537,9962.85898,10155.93093
2019/10/2,10243.47845,10261.45537,9962.85898,10155.93093
2019/10/3,10243.47845,10261.45537,9962.85898,10155.93093
2019/10/4,10243.47845,10261.45537,9962.85898,10155.93093
2019/10/7,10243.47845,10261.45537,9962.85898,10155.93093
2019/10/8,10243.47845,10261.45537,9962.85898,10155.93093
2019/10/9,10243.47845,10261.45537,9962.85898,10155.93093
2019/10/10,10243.47845,10261.45537,9962.85898,10155.93093
2019/10/11,10243.47845,10261.45537,9962.85898,10155.93093
2019/10/15,10243.47845,10261.45537,9962.85898,10155.93093
2019/10/16,10243.47845,10261.45537,9962.85898,10155.93093
2019/10/17,10243.47845,10261.45537,9962.85898,10155.93093
2019/10/18,10243.47845,10261.45537,9962.85898,10155.93093
2019/10/21,10243.47845,10261.45537,9962.85898,10155.93093
2019/10/23,10243.47845,10261.45537,9962.85898,10155.93093
2019/10/24,10243.47845,10261.45537,9962.85898,10155.93093
2019/10/25,10243.47845,10261.45537,9962.85898,10155.93093
2019/10/28,10243.47845,10261.45537,9962.85898,10155.93093
2019/10/29,10243.47845,10261.45537,9962.85898,10155.93093
2019/10/30,10243.47845,10261.45537,9962.85898,10155.93093
2019/10/31,10243.47845,10261.45537,9962.85898,10155.93093
2019/11/1,10243.47845,10261.45537,9962.85898,10155.93093
2019/11/5,10243.47845,10261.45537,9962.85898,10155.93093
2019/11/6,10243.47845,10261.45537,9962.85898,10155.93093
2019/11/7,10243.47845,10261.45537,9962.85898,10155.93093
2019/11/8,10243.47845,10261.45537,9962.85898,10155.93093
2019/11/11,10243.47845,10261.45537,9962.85898,10155.93093
2019/11/12,10243.47845,10261.45537,9962.85898,10155.93093
2019/11/13,10243.47845,10261.45537,9962.85898,10155.93093
2019/11/14,10243.47845,10261.45537,9962.85898,10155.93093
2019/11/15,10243.47845,10261.45537,9962.85898,10155.93093
2019/11/18,10243.47845,10261.45537,9962.85898,10155.93093
2019/11/19,10243.47845,10261.45537,9962.85898,10155.93093
2019/11/20,10243.47845,10261.45537,9962.85898,10155.93093
2019/11/21,10243.47845,10261.45537,9962.85898,10155.93093
2019/11/22,10243.47845,10261.45537,9962.85898,10155.93093
2019/11/25,10243.47845,10261.45537,9962.85898,10155.93093
2019/11/26,10243.47845,10261.45537,9962.85898,10155.93093
2019/11/27,10243.47845,10261.45537,9962.85898,10155.93093
2019/11/28,10243.47845,10261.45537,9962.85898,10155.93093
2019/11/29,10243.47845,10261.45537,9962.85898,10155.93093
2019/12/2,10243.47845,10261.45537,9962.85898,10155.93093
2019/12/3,10243.47845,10261.45537,9962.85898,10155.93093
2019/12/4,10243.47845,10261.45537,9962.85898,10155.93093
2019/12/5,10243.47845,10261.45537,9962.85898,10155.93093
2019/12/6,10243.47845,10261.45537,9962.85898,10155.93093
2019/12/9,10243.47845,10261.45537,9962.85898,10155.93093
2019/12/10,10243.47845,10261.45537,9962.85898,10155.93093
2019/12/11,10243.47845,10261.45537,9962.85898,10155.93093
2019/12/12,10243.47845,10261.45537,9962.85898,10155.93093
2019/12/13,10243.47845,10261.45537,9962.85898,10155.93093
2019/12/16,10243.47845,10261.45537,9962.85898,10155.93093
2019/12/17,10243.47845,10261.45537,9962.85898,10155.93093
2019/12/18,10243.47845,10261.45537,9962.85898,10155.93093
2019/12/19,10243.47845,10261.45537,9962.85898,10155.93093
2019/12/20,10243.47845,10261.45537,9962.85898,10155.93093
2019/12/23,10243.47845,10261.45537,9962.85898,10155.93093
2019/12/24,10243.47845,10261.45537,9962.85898,10155.93093
2019/12/25,10243.47845,10261.45537,9962.85898,10155.93093
2019/12/26,10243.47845,10261.45537,9962.85898,10155.93093
2019/12/27,10243.47845,10261.45537,9962.85898,10155.93093
2019/12/30,10243.47845,10261.45537,9962.85898,10155.93093
2020/1/6,10243.47845,10261.45537,9962.85898,10155.93093
2020/1/7,10243.47845,10261.45537,9962.85898,10155.93093
2020/1/8,10243.47845,10261.45537,9962.85898,10155.93093
2020/1/9,10243.47845,10261.45537,9962.85898,10155.93093
2020/1/10,10243.47845,10261.45537,9962.85898,10155.93093
2020/1/14,10243.47845,10261.45537,9962.85898,10155.93093
2020/1/15,10243.47845,10261.45537,9962.85898,10155.93093
2020/1/16,10243.47845,10261.45537,9962.85898,10155.93093
2020/1/17,10243.47845,10261.45537,9962.85898,10155.93093
2020/1/20,10243.47845,10261.45537,9962.85898,10155.93093
2020/1/21,10243.47845,10261.45537,9962.85898,10155.93093
2020/1/22,10243.47845,10261.45537,9962.85898,10155.93093
2020/1/23,10243.47845,10261.45537,9962.85898,10155.93093
2020/1/24,10243.47845,10261.45537,9962.85898,10155.93093
2020/1/27,10243.47845,10261.45537,9962.85898,10155.93093
2020/1/28,10243.47845,10261.45537,9962.85898,10155.93093
2020/1/29,10243.47845,10261.45537,9962.85898,10155.93093
2020/1/30,10243.47845,10261.45537,9962.85898,10155.93093
2020/1/31,10243.47845,10261.45537,9962.85898,10155.93093
2020/2/3,10243.47845,10261.45537,9962.85898,10155.93093
2020/2/4,10243.47845,10261.45537,9962.85898,10155.93093
2020/2/5,10243.47845,10261.45537,9962.85898,10155.93093
2020/2/6,10243.47845,10261.45537,9962.85898,10155.93093
2020/2/7,10243.47845,10261.45537,9962.85898,10155.93093
2020/2/10,10243.47845,10261.45537,9962.85898,10155.93093
2020/2/12,10243.47845,10261.45537,9962.85898,10155.93093
2020/2/13,10243.47845,10261.45537,9962.85898,10155.93093
2020/2/14,10243.47845,10261.45537,9962.85898,10155.93093
2020/2/17,10243.47845,10261.45537,9962.85898,10155.93093
2020/2/18,10243.47845,10261.45537,9962.85898,10155.93093
2020/2/19,10243.47845,10261.45537,9962.85898,10155.93093
2020/2/20,10243.47845,10261.45537,9962.85898,10155.93093
2020/2/21,10243.47845,10261.45537,9962.85898,10155.93093
2020/2/25,10243.47845,10261.45537,9962.85898,10155.93093
2020/2/26,10243.47845,10261.45537,9962.85898,10155.93093
2020/2/27,10243.47845,10261.45537,9962.85898,10155.93093
2020/2/28,10243.47845,10261.45537,9962.85898,10155.93093
2020/3/2,10243.47845,10261.45537,9962.85898,10155.93093
2020/3/3,10243.47845,10261.45537,9962.85898,10155.93093
2020/3/4,10243.47845,10261.45537,9962.85898,10155.93093
2020/3/5,10243.47845,10261.45537,9962.85898,10155.93093
2020/3/6,10243.47845,10261.45537,9962.85898,10155.93093
2020/3/9,10126.97003,10182.31256,9962.85898,10090.71386
2020/3/10,10126.97003,10091.67256,9962.85898,10060.50052
2020/3/11,10050.15742,10091.67256,9823.11081,9988.313598
2020/3/12,10134.43834,10154.75566,9763.102309,10017.4321
2020/3/13,10188.73473,10192.88864,9728.369516,10036.6643
2020/3/16,10227.05019,10192.88864,9718.932369,10046.2904
2020/3/17,10227.05019,10192.88864,9722.000955,10047.31326
2020/3/18,10227.05019,10192.88864,9800.661274,10073.53337
2020/3/19,10227.05019,10192.88864,9939.170822,10119.70322
2020/3/23,10227.05019,10192.88864,10034.59153,10151.51012
2020/3/24,10227.05019,10192.88864,10034.59153,10151.51012
2020/3/25,10227.05019,10192.88864,10034.59153,10151.51012
2020/3/26,10227.05019,10192.88864,10034.59153,10151.51012
2020/3/27,10227.05019,10192.88864,10034.59153,10151.51012
2020/3/30,10227.05019,10192.88864,10034.59153,10151.51012
2020/3/31,10227.05019,10192.88864,10034.59153,10151.51012
2020/4/1,10227.05019,10192.88864,10034.59153,10151.51012
2020/4/2,10227.05019,10192.88864,10034.59153,10151.51012
2020/4/3,10227.05019,10192.88864,10034.59153,10151.51012
2020/4/6,10227.05019,10192.88864,10034.59153,10151.51012
2020/4/7,10227.05019,10192.88864,10034.59153,10151.51012
2020/4/8,10227.05019,10192.88864,10034.59153,10151.51012
2020/4/9,10227.05019,10192.88864,10034.59153,10151.51012
2020/4/10,10227.05019,10192.88864,10034.59153,10151.51012
2020/4/13,10227.05019,10192.88864,10034.59153,10151.51012
2020/4/14,10227.05019,10192.88864,10034.59153,10151.51012
2020/4/15,10227.05019,10192.88864,10034.59153,10151.51012
2020/4/16,10227.05019,10192.88864,10034.59153,10151.51012
2020/4/17,10227.05019,10192.88864,10034.59153,10151.51012
2020/4/20,10227.05019,10192.88864,10034.59153,10151.51012
2020/4/21,10227.05019,10192.88864,10034.59153,10151.51012
2020/4/22,10227.05019,10192.88864,10034.59153,10151.51012
2020/4/23,10227.05019,10192.88864,10034.59153,10151.51012
2020/4/24,10227.05019,10192.88864,10063.65974,10161.19952
2020/4/27,10227.05019,10192.88864,10063.65974,10161.19952
2020/4/28,10227.05019,10192.88864,10063.65974,10161.19952
2020/4/30,10227.05019,10192.88864,10063.65974,10161.19952
2020/5/1,10227.05019,10192.88864,10063.65974,10161.19952
2020/5/7,10227.05019,10192.88864,10063.65974,10161.19952
2020/5/8,10227.05019,10192.88864,10063.65974,10161.19952
2020/5/11,10227.05019,10192.88864,10063.65974,10161.19952
2020/5/12,10227.05019,10192.88864,10063.65974,10161.19952
2020/5/13,10227.05019,10192.88864,10063.65974,10161.19952
2020/5/14,10227.05019,10192.88864,10063.65974,10161.19952
2020/5/15,10227.05019,10192.88864,10063.65974,10161.19952
2020/5/18,10227.05019,10192.88864,10063.65974,10161.19952
2020/5/19,10227.05019,10192.88864,10063.65974,10161.19952
2020/5/20,10227.05019,10192.88864,10063.65974,10161.19952
2020/5/21,10227.05019,10192.88864,10063.65974,10161.19952
2020/5/22,10227.05019,10192.88864,10063.65974,10161.19952
2020/5/25,10227.05019,10192.88864,10063.65974,10161.19952
2020/5/26,10227.05019,10192.88864,10063.65974,10161.19952
2020/5/27,10227.05019,10192.88864,10063.65974,10161.19952
2020/5/28,10227.05019,10192.88864,10063.65974,10161.19952
2020/5/29,10227.05019,10192.88864,10063.65974,10161.19952
2020/6/1,10227.05019,10192.88864,10063.65974,10161.19952
2020/6/2,10227.05019,10192.88864,10063.65974,10161.19952
2020/6/3,10227.05019,10192.88864,10063.65974,10161.19952
2020/6/4,10227.05019,10192.88864,10063.65974,10161.19952
2020/6/5,10227.05019,10192.88864,10063.65974,10161.19952
2020/6/8,10227.05019,10192.88864,10063.65974,10161.19952
2020/6/9,10227.05019,10192.88864,10063.65974,10161.19952
2020/6/10,10227.05019,10192.88864,10063.65974,10161.19952
2020/6/11,10227.05019,10192.88864,10063.65974,10161.19952
2020/6/12,10227.05019,10192.88864,10063.65974,10161.19952
2020/6/15,10227.05019,10192.88864,10063.65974,10161.19952
2020/6/16,10227.05019,10192.88864,10063.65974,10161.19952
2020/6/17,10227.05019,10192.88864,10063.65974,10161.19952
2020/6/18,10227.05019,10192.88864,10063.65974,10161.19952
2020/6/19,10227.05019,10192.88864,10063.65974,10161.19952
2020/6/22,10227.05019,10192.88864,10063.65974,10161.19952
2020/6/23,10227.05019,10192.88864,10063.65974,10161.19952
2020/6/24,10227.05019,10192.88864,10063.65974,10161.19952
2020/6/25,10227.05019,10192.88864,10063.65974,10161.19952
2020/6/26,10227.05019,10192.88864,10063.65974,10161.19952
2020/6/29,10227.05019,10192.88864,10063.65974,10161.19952
2020/6/30,10227.05019,10192.88864,10063.65974,10161.19952
2020/7/1,10227.05019,10192.88864,10063.65974,10161.19952
2020/7/2,10227.05019,10192.88864,10063.65974,10161.19952
2020/7/3,10227.05019,10192.88864,10063.65974,10161.19952
2020/7/6,10227.05019,10192.88864,10063.65974,10161.19952
2020/7/7,10227.05019,10192.88864,10063.65974,10161.19952
2020/7/8,10227.05019,10192.88864,10063.65974,10161.19952
2020/7/9,10227.05019,10192.88864,10063.65974,10161.19952
2020/7/10,10227.05019,10192.88864,10063.65974,10161.19952
2020/7/13,10227.05019,10192.88864,10063.65974,10161.19952
2020/7/14,10227.05019,10192.88864,10063.65974,10161.19952
2020/7/15,10227.05019,10192.88864,10063.65974,10161.19952
2020/7/16,10227.05019,10192.88864,10063.65974,10161.19952
2020/7/17,10227.05019,10192.88864,10063.65974,10161.19952
2020/7/20,10227.05019,10192.88864,10063.65974,10161.19952
2020/7/21,10227.05019,10192.88864,10063.65974,10161.19952
2020/7/22,10227.05019,10192.88864,10063.65974,10161.19952
2020/7/27,10227.05019,10192.88864,10063.65974,10161.19952
2020/7/28,10227.05019,10192.88864,10063.65974,10161.19952
2020/7/29,10227.05019,10192.88864,10063.65974,10161.19952
2020/7/30,10227.05019,10192.88864,10063.65974,10161.19952
2020/7/31,10227.05019,10192.88864,10063.65974,10161.19952
2020/8/3,10227.05019,10192.88864,10063.65974,10161.19952
2020/8/4,10227.05019,10192.88864,10063.65974,10161.19952
2020/8/5,10227.05019,10192.88864,10063.65974,10161.19952
2020/8/6,10227.05019,10192.88864,10063.65974,10161.19952
2020/8/7,10227.05019,10192.88864,10063.65974,10161.19952
2020/8/11,10227.05019,10192.88864,10063.65974,10161.19952
2020/8/12,10227.05019,10192.88864,10063.65974,10161.19952
2020/8/13,10227.05019,10192.88864,10063.65974,10161.19952
2020/8/14,10227.05019,10192.88864,10063.65974,10161.19952
2020/8/17,10227.05019,10192.88864,10063.65974,10161.19952
2020/8/18,10227.05019,10192.88864,10063.65974,10161.19952
2020/8/19,10227.05019,10192.88864,10063.65974,10161.19952
2020/8/20,10227.05019,10192.88864,10063.65974,10161.19952
2020/8/21,10227.05019,10192.88864,10063.65974,10161.19952
2020/8/24,10227.05019,10192.88864,10063.65974,10161.19952
2020/8/25,10227.05019,10192.88864,10063.65974,10161.19952
2020/8/26,10227.05019,10192.88864,10063.65974,10161.19952
2020/8/27,10227.05019,10192.88864,10063.65974,10161.19952
2020/8/28,10227.05019,10192.88864,10063.65974,10161.19952
2020/8/31,10227.05019,10192.88864,10063.65974,10161.19952
2020/9/1,10227.05019,10192.88864,10063.65974,10161.19952
2020/9/2,10227.05019,10192.88864,10063.65974,10161.19952
2020/9/3,10227.05019,10192.88864,10063.65974,10161.19952
2020/9/4,10227.05019,10192.88864,10063.65974,10161.19952
2020/9/7,10227.05019,10192.88864,10063.65974,10161.19952
2020/9/8,10227.05019,10192.88864,10063.65974,10161.19952
2020/9/9,10227.05019,10192.88864,10063.65974,10161.19952
2020/9/10,10227.05019,10192.88864,10063.65974,10161.19952
2020/9/11,10227.05019,10192.88864,10063.65974,10161.19952
2020/9/14,10227.05019,10192.88864,10063.65974,10161.19952
2020/9/15,10227.05019,10192.88864,10063.65974,10161.19952
2020/9/16,10227.05019,10192.88864,10063.65974,10161.19952
2020/9/17,10227.05019,10192.88864,10063.65974,10161.19952
2020/9/18,10227.05019,10192.88864,10063.65974,10161.19952
2020/9/23,10227.05019,10192.88864,10063.65974,10161.19952
2020/9/24,10227.05019,10192.88864,10063.65974,10161.19952
2020/9/25,10227.05019,10192.88864,10063.65974,10161.19952
2020/9/28,10227.05019,10192.88864,10063.65974,10161.19952
2020/9/29,10227.05019,10192.88864,10063.65974,10161.19952
2020/9/30,10227.05019,10192.88864,10063.65974,10161.19952
2020/10/2,10227.05019,10192.88864,10063.65974,10161.19952
2020/10/5,10227.05019,10192.88864,10063.65974,10161.19952
2020/10/6,10227.05019,10192.88864,10063.65974,10161.19952
2020/10/7,10227.05019,10192.88864,10063.65974,10161.19952
2020/10/8,10227.05019,10192.88864,10063.65974,10161.19952
2020/10/9,10227.05019,10192.88864,10063.65974,10161.19952
2020/10/12,10227.05019,10192.88864,10063.65974,10161.19952
2020/10/13,10227.05019,10192.88864,10063.65974,10161.19952
2020/10/14,10227.05019,10192.88864,10063.65974,10161.19952
2020/10/15,10227.05019,10192.88864,10063.65974,10161.19952
2020/10/16,10227.05019,10192.88864,10063.65974,10161.19952
2020/10/19,10227.05019,10192.88864,10063.65974,10161.19952
2020/10/20,10227.05019,10192.88864,10063.65974,10161.19952
2020/10/21,10227.05019,10192.88864,10063.65974,10161.19952
2020/10/22,10227.05019,10192.88864,10063.65974,10161.19952
2020/10/23,10227.05019,10192.88864,10063.65974,10161.19952
2020/10/26,10227.05019,10192.88864,10063.65974,10161.19952
2020/10/27,10227.05019,10192.88864,10063.65974,10161.19952
2020/10/28,10227.05019,10192.88864,10063.65974,10161.19952
2020/10/29,10227.05019,10192.88864,10063.65974,10161.19952
2020/10/30,10227.05019,10192.88864,10063.65974,10161.19952
2020/11/2,10227.05019,10192.88864,10063.65974,10161.19952
2020/11/4,10227.05019,10192.88864,10063.65974,10161.19952
2020/11/5,10227.05019,10192.88864,10063.65974,10161.19952
2020/11/6,10227.05019,10192.88864,10063.65974,10161.19952
2020/11/9,10227.05019,10192.88864,10063.65974,10161.19952
2020/11/10,10227.05019,10192.88864,10063.65974,10161.19952
2020/11/11,10227.05019,10192.88864,10063.65974,10161.19952
2020/11/12,10227.05019,10192.88864,10063.65974,10161.19952
2020/11/13,10227.05019,10192.88864,10063.65974,10161.19952
2020/11/16,10227.05019,10192.88864,10063.65974,10161.19952
2020/11/17,10227.05019,10192.88864,10063.65974,10161.19952
2020/11/18,10227.05019,10192.88864,10063.65974,10161.19952
2020/11/19,10227.05019,10192.88864,10063.65974,10161.19952
2020/11/20,10227.05019,10192.88864,10063.65974,10161.19952
2020/11/24,10227.05019,10192.88864,10063.65974,10161.19952
2020/11/25,10227.05019,10192.88864,10063.65974,10161.19952
2020/11/26,10227.05019,10192.88864,10063.65974,10161.19952
2020/11/27,10227.05019,10192.88864,10063.65974,10161.19952
2020/11/30,10227.05019,10192.88864,10063.65974,10161.19952
2020/12/1,10227.05019,10192.88864,10063.65974,10161.19952
2020/12/2,10227.05019,10192.88864,10063.65974,10161.19952
2020/12/3,10227.05019,10192.88864,10063.65974,10161.19952
2020/12/4,10227.05019,10192.88864,10063.65974,10161.19952
2020/12/7,10227.05019,10192.88864,10063.65974,10161.19952
2020/12/8,10227.05019,10192.88864,10063.65974,10161.19952
2020/12/9,10227.05019,10192.88864,10063.65974,10161.19952
2020/12/10,10227.05019,10192.88864,10063.65974,10161.19952
2020/12/11,10227.05019,10192.88864,10063.65974,10161.19952
2020/12/14,10227.05019,10192.88864,10063.65974,10161.19952
2020/12/15,10227.05019,10192.88864,10063.65974,10161.19952
2020/12/16,10227.05019,10192.88864,10063.65974,10161.19952
2020/12/17,10227.05019,10192.88864,10063.65974,10161.19952
2020/12/18,10227.05019,10192.88864,10063.65974,10161.19952
2020/12/21,10227.05019,10192.88864,10063.65974,10161.19952
2020/12/22,10227.05019,10192.88864,10063.65974,10161.19952
2020/12/23,10227.05019,10192.88864,10063.65974,10161.19952
2020/12/24,10227.05019,10192.88864,10063.65974,10161.19952
2020/12/25,10227.05019,10192.88864,10063.65974,10161.19952
2020/12/28,10227.05019,10192.88864,10063.65974,10161.19952
2020/12/29,10227.05019,10192.88864,10063.65974,10161.19952
2020/12/30,10227.05019,10192.88864,10063.65974,10161.19952
