Date,Open,High,Low,Close,predict,isbuy
2017-01-04,9644.963652100909,9718.292982192912,9554.38036198726,9713.9794921875,-0.006,False
2017-01-05,9662.217288924196,9662.217288924196,9450.856285728978,9502.6181640625,-0.006,False
2017-01-06,9407.722531838615,9515.5597914883,9347.33366643479,9446.5439453125,-0.006,False
2017-01-10,9537.125792222612,9735.546319785815,9502.617874385533,9597.5146484375,-0.006,False
2017-01-11,9623.396484375,9662.217895562528,9580.261583055524,9623.396484375,-0.006,False
2017-01-12,9670.845592013888,9757.115401041667,9606.143235243055,9705.353515625,-0.006,False
2017-01-13,9657.903112441103,9761.4268617482,9619.081706450943,9726.9189453125,-0.006,False
2017-01-16,9795.936815104167,9817.504267361111,9662.218611111111,9705.353515625,-0.006,False
2017-01-17,9722.606106216002,9722.606106216002,9515.55859375,9515.55859375,-0.006,False
2017-01-18,9407.720243255244,9601.82726340494,9368.898839225303,9563.005859375,-0.006,False
2017-01-19,9688.099665128791,9770.0559846468,9619.083817113627,9670.845703125,-0.006,False
2017-01-20,9636.336832972936,9692.412203979493,9610.455892508371,9662.2177734375,-0.006,False
2017-01-23,9584.57603186604,9718.294239331319,9567.322069612455,9627.7109375,-0.006,False
2017-01-24,9575.9473317579,9649.276658172264,9545.752903234341,9554.3798828125,-0.006,False
2017-01-25,9640.649950138477,9787.308607098075,9640.649950138477,9782.9951171875,-0.006,False
2017-01-26,10136.699601715683,10352.374061326658,10110.818666562369,10339.43359375,-0.006,False
2017-01-27,10335.120359171224,10339.43384846971,10188.461723022718,10253.1640625,-0.006,False
2017-01-30,10231.59851099853,10322.181803043626,10201.404080316832,10270.419921875,-0.006,False
2017-01-31,10136.70127862137,10188.463157490927,10067.685440128631,10102.193359375,-0.006,False
2017-02-01,9921.027208468615,10007.297010281385,9800.249485930735,9964.162109375,-0.006,False
2017-02-02,10141.014505453044,10162.581954422529,9826.129750498525,9869.2646484375,-0.006,False
2017-02-03,9903.774104759786,9925.341557078516,9683.786091108763,9696.7265625,-0.006,False
2017-02-06,9761.427204691705,9774.367673809724,9498.304332625336,9614.7685546875,-0.006,False
2017-02-07,9545.7533029264,9782.995251259412,9519.872363108254,9739.8603515625,-0.006,False
2017-02-08,9735.545807855291,9770.053723877816,9644.962528296155,9765.740234375,-0.006,False
2017-02-09,9757.114555140904,9830.443886457171,9657.904283360072,9662.2177734375,-0.006,False
2017-02-10,9877.891496171944,9921.02639353514,9808.87566039083,9912.3994140625,-0.006,False
2017-02-13,9990.041926971131,10024.54984381732,9933.96656209608,10011.609375,-0.006,False
2017-02-14,10059.05859375,10166.895842825365,10037.491143934927,10059.05859375,-0.006,False
2017-02-15,10179.836613906926,10188.463594088204,9964.162109375,9964.162109375,-0.006,False
2017-02-16,9834.757103844026,9839.070593801851,9614.769115994884,9748.4873046875,-0.006,False
2017-02-17,9657.903242013503,9731.232565423164,9623.39532511484,9683.7841796875,-0.006,False
2017-02-20,9683.785278101941,9722.606689016378,9632.023396882689,9644.9638671875,-0.006,False
2017-02-21,9619.082953607598,9662.217854744853,9563.007582129167,9636.3369140625,-0.006,False
2017-02-22,9744.174749451091,9921.027854686808,9709.666826478267,9761.4287109375,-0.006,False
2017-02-23,9726.919708587902,9890.832324519759,9722.606218694958,9795.935546875,-0.006,False
2017-02-24,9726.919948748891,9787.308808741125,9657.904108757768,9718.29296875,-0.006,False
2017-02-27,9627.709920302012,9692.412271916946,9584.57501922539,9640.650390625,-0.006,False
2017-02-28,9670.845703125,9718.294098635426,9627.710798115522,9670.845703125,-0.006,False
2017-03-01,9683.7846654011,9873.578217863305,9670.844195915042,9843.3837890625,-0.006,False
2017-03-02,10050.431414272209,10136.701211819609,9985.72906611166,10123.7607421875,-0.006,False
2017-03-03,10084.938777335312,10110.819715172784,9951.220598508371,9985.728515625,-0.006,False
2017-03-06,9929.654419530909,9946.908380294648,9864.952066666894,9890.8330078125,-0.006,False
2017-03-07,9834.756969300659,9886.518848086454,9757.114151121972,9791.6220703125,-0.006,False
2017-03-08,9791.623143538722,9800.250124281927,9731.23427833628,9761.4287109375,-0.006,False
2017-03-09,9899.458619477777,10033.176796908629,9860.637213126882,10020.236328125,-0.006,False
2017-03-10,10132.388225411289,10291.987358804314,10054.745403760626,10274.7333984375,-0.006,False
2017-03-13,10166.896580369015,10253.166385887633,10119.448187333775,10136.7021484375,-0.006,False
2017-03-14,10175.522355318571,10222.970742732095,10115.133498610452,10210.0302734375,-0.006,False
2017-03-15,10093.566379563408,10119.447318998184,10041.804500693852,10102.193359375,-0.006,False
2017-03-16,10007.296541844351,10171.209157615938,9933.967213736008,10115.1337890625,-0.006,False
2017-03-17,9968.47547813241,10080.626219123948,9925.34057775105,10002.9833984375,-0.006,False
2017-03-21,10002.983358062822,10050.431748290805,9903.77308758613,10015.923828125,-0.006,False
2017-03-22,9869.264848218214,9938.280686317641,9770.054580950286,9804.5625,-0.006,False
2017-03-23,9847.697358733109,9895.14574723336,9808.875949960182,9817.5029296875,-0.006,False
2017-03-24,9877.891261705256,10024.54990925896,9873.577772071325,9990.0419921875,-0.006,False
2017-03-27,9921.026941389486,10067.68560052307,9903.772981491416,10050.431640625,-0.006,False
2017-03-28,10235.911773401664,10378.256943448969,10197.09036338876,10343.7490234375,-0.006,False
2017-03-29,10589.024209920028,10672.540797711012,10514.298841896516,10597.8154296875,-0.006,False
2017-03-30,10593.41912684012,10795.617168265286,10549.463030878127,10712.1005859375,-0.006,False
2017-03-31,10729.683637536637,10800.013395095257,10597.815342114229,10685.7275390625,-0.006,False
2017-04-03,10865.946514664523,10989.023578746484,10843.968467507033,10940.671875,-0.006,False
2017-04-04,11112.101306611405,11235.17837804539,10817.595457108648,10870.3427734375,-0.006,False
2017-04-05,10914.3002072218,10949.465089081556,10716.497746760673,10813.201171875,-0.006,False
2017-04-06,10650.56199120611,10738.474182631666,10615.397114635887,10672.5400390625,-0.006,False
2017-04-07,10786.826713423296,10821.991592684659,10527.485728870739,10637.3759765625,-0.006,False
2017-04-10,10729.683422133212,10909.903422259167,10641.77122694982,10905.5078125,-0.006,False
2017-04-11,10747.265462707092,10800.012777861484,10641.770832398312,10712.1005859375,-0.006,False
2017-04-12,10602.211231694559,10668.145381145398,10408.804393305441,10505.5078125,-0.006,False
2017-04-13,10211.00095621745,10360.451680501305,10087.923889160156,10338.4736328125,-0.006,False
2017-04-14,10408.803406155832,10417.59462524887,10158.253662004276,10211.0009765625,-0.006,False
2017-04-17,10092.319397369847,10246.16572964683,10070.34134990171,10131.8798828125,-0.006,False
2017-04-18,10325.28686618434,10391.221009646564,10114.297607105222,10167.044921875,-0.006,False
2017-04-19,10167.044700231976,10342.869078964912,10136.275433953711,10303.30859375,-0.006,False
2017-04-20,10391.220804789991,10527.48469859223,10364.847147925044,10386.8251953125,-0.006,False
2017-04-21,10549.464557926827,10835.179223037347,10417.596250952744,10813.201171875,-0.006,False
2017-04-24,11072.540569982395,11112.101056338028,10901.111795774648,10923.08984375,-0.006,False
2017-04-25,10927.485709122784,11226.387168583906,10927.485709122784,11164.8486328125,-0.006,False
2017-04-26,11428.586504536292,11529.685538999496,11353.861131237398,11446.1689453125,-0.006,False
2017-04-27,11340.673434198521,11490.124169377881,11296.717335616355,11441.7724609375,-0.006,False
2017-04-28,11507.706653128616,11507.706653128616,11305.508598871962,11397.81640625,-0.006,False
2017-05-01,12716.500175110048,12975.84117418765,12461.554786186309,12918.6982421875,-0.006,False
2017-05-02,12654.960591627241,13151.664498141265,12654.960591627241,13006.609375,-0.006,False
2017-05-08,13068.148618320945,13318.698390014284,12945.071537489132,13270.3466796875,-0.006,False
2017-05-09,13098.917533838257,13147.269242855778,12931.884357232264,12949.466796875,-0.006,False
2017-05-10,12923.093296430688,13046.170375444312,12817.59865727615,12984.6318359375,-0.006,False
2017-05-11,13182.43310466114,13402.213583231682,13164.850666375496,13287.927734375,-0.006,False
2017-05-12,13327.487852688928,13432.982479491217,13191.223959735977,13261.5537109375,-0.006,False
2017-05-15,13063.75239105123,13327.488980372587,13059.35678122921,13213.203125,-0.006,False
2017-05-16,13424.191873620872,13459.356750827475,13296.719193746934,13446.169921875,-0.006,False
2017-05-17,13538.479413141333,13859.35895767358,13498.918921349688,13793.4248046875,-0.006,False
2017-05-18,13402.213701529115,13643.972230090645,13331.883947765762,13578.0380859375,-0.006,False
2017-05-19,13723.094386592422,13956.061716025286,13701.116336645926,13863.75390625,-0.006,False
2017-05-22,13854.962571747452,13929.687940947864,13692.325003487724,13784.6328125,-0.006,False
2017-05-23,13626.390655527517,13687.929193971831,13441.775040194561,13498.91796875,-0.006,False
2017-05-24,13670.345581832205,13806.609476699343,13635.18070573746,13802.2138671875,-0.006,False
2017-05-25,13780.23582085163,14061.554829634568,13771.444601827163,14013.203125,-0.006,False
2017-05-26,13934.081969461799,13938.477578915888,13832.982952017754,13894.521484375,-0.006,False
2017-05-29,13982.434451136678,13982.434451136678,13819.796892289756,13903.3134765625,-0.006,False
2017-05-30,13934.084171575478,13934.084171575478,13652.765122054712,13758.259765625,-0.006,False
2017-05-31,13789.029194488428,13956.06238205316,13652.765278317202,13793.4248046875,-0.006,False
2017-06-01,14065.952290076335,14483.535248687978,14000.018138716605,14395.623046875,-0.006,False
2017-06-02,14421.996707418892,14575.843060591604,14369.249386331108,14395.623046875,-0.006,False
2017-06-05,14426.391399605527,14808.809453159969,14413.204570172617,14729.6884765625,-0.006,False
2017-06-06,14857.160526044787,14870.34735491406,14615.40199677483,14672.544921875,-0.006,False
2017-06-07,14597.818973537856,14839.577493123701,14562.654097961731,14782.4345703125,-0.006,False
2017-06-08,14839.578293615104,14843.973903299237,14641.77585782936,14663.75390625,-0.006,False
2017-06-09,14782.43566472105,14945.073226301389,14690.127859499775,14861.556640625,-0.006,False
2017-06-12,14364.853368500306,14527.490937237915,14193.424579830933,14413.205078125,-0.006,False
2017-06-13,14211.007726244941,14382.436523437502,14180.238454953966,14382.4365234375,-0.006,False
2017-06-14,14593.422892340706,14615.400938865316,14197.818054897734,14211.0048828125,-0.006,False
2017-06-15,14048.369082405083,14162.654938519769,13951.66566569266,14008.80859375,-0.006,False
2017-06-16,13964.851070966635,14021.993993195965,13806.60913248543,13859.3564453125,-0.006,False
2017-06-19,13854.961403081123,14114.302368430674,13832.983355170145,14087.9287109375,-0.006,False
2017-06-20,14400.018759306276,14448.370470647049,14342.87582772173,14391.2275390625,-0.006,False
2017-06-21,14298.918010004722,14400.017030671832,14254.9619140625,14254.9619140625,-0.006,False
2017-06-22,14329.686167635658,14347.268604651164,14118.696923449614,14175.83984375,-0.006,False
2017-06-23,14158.260578000254,14171.44740871556,14013.205440131887,14039.5791015625,-0.006,False
2017-06-26,14039.578720238093,14320.897767857143,14039.578720238093,14307.7109375,-0.006,False
2017-06-27,14329.688762037898,14342.875592187014,14017.600448508852,14149.46875,-0.006,False
2017-06-28,13890.127098880595,13925.291977611942,13534.082701725745,13547.26953125,-0.006,False
2017-06-29,13714.303002450979,13723.094222324347,13411.005916819851,13450.56640625,-0.006,False
2017-06-30,12923.0921988374,13327.48828125,12800.015130277043,13327.48828125,-0.006,False
2017-07-03,13151.66470320767,13318.697877914186,13142.873483486277,13292.32421875,-0.006,False
2017-07-04,13292.323221381468,13305.51004997411,12940.67445891106,12997.8173828125,-0.006,False
2017-07-05,12861.553566368899,13345.070617736152,12852.76234725313,13331.8837890625,-0.006,False
2017-07-06,13494.52294207634,13578.03953357453,13156.060966004718,13221.9951171875,-0.006,False
2017-07-07,13098.917099269534,13446.170270693125,13076.939050445257,13389.02734375,-0.006,False
2017-07-10,13736.280213577606,13850.56606495457,13591.225094522224,13696.7197265625,-0.006,False
2017-07-11,13802.214478551772,13802.214478551772,13674.741797061963,13775.8408203125,-0.006,False
2017-07-12,13714.3032,13758.259300000003,13564.852460000002,13736.28125,-0.006,False
2017-07-13,13846.171556555706,14189.029137956133,13837.380336519795,14153.8642578125,-0.006,False
2017-07-14,14158.260259437442,14197.820750693245,13938.479752460767,13969.2490234375,-0.006,False
2017-07-17,13969.2490234375,13969.2490234375,13969.2490234375,13969.2490234375,-0.006,False
2017-07-18,13925.289890508106,14140.674740455988,13789.0260058472,14101.1142578125,-0.006,False
2017-07-19,14083.533787186245,14202.215251685006,14048.368908816241,14184.6328125,-0.006,False
2017-07-20,14338.479708705017,14465.95239771558,14320.897268841492,14413.205078125,-0.006,False
2017-07-21,14413.204161261121,14540.676842162791,14386.830503143536,14452.7646484375,-0.006,False
2017-07-24,14395.622054716294,14465.951811319484,14294.523029599202,14312.10546875,-0.006,False
2017-07-25,14452.765318767093,14580.238005581035,14400.01800008546,14465.9521484375,-0.006,False
2017-07-26,14531.886866938545,14571.447357501896,14400.0185650607,14483.53515625,-0.006,False
2017-07-27,14514.30422274516,14883.535462814993,14479.139342738508,14870.3486328125,-0.006,False
2017-07-28,14285.731818713191,14413.204502634017,13802.214741772128,13806.6103515625,-0.006,False
2017-07-31,13846.170558286516,13978.038849317814,13586.82958592496,13692.32421875,-0.006,False
2017-08-01,13450.565821019922,13520.895576946823,13248.36777273008,13349.466796875,-0.006,False
2017-08-02,13428.5876366874,13709.906657554173,13419.796417285315,13692.32421875,-0.006,False
2017-08-03,13494.52150685424,13516.499554911006,13349.466389679585,13367.048828125,-0.006,False
2017-08-04,13186.828448766004,13248.366981526911,13037.377726346655,13046.1689453125,-0.006,False
2017-08-07,13164.851416957748,13309.906541084498,13120.895318737525,13213.203125,-0.006,False
2017-08-08,13476.94035108376,13476.94035108376,13243.973019509252,13270.3466796875,-0.006,False
2017-08-09,13098.917695021579,13182.434284352255,12936.280126325006,12984.6318359375,-0.006,False
2017-08-10,13112.104742326868,13160.456452741078,13002.214491385475,13059.357421875,-0.006,False
2017-08-11,13059.357421875,13059.357421875,13059.357421875,13059.357421875,-0.006,False
2017-08-14,12923.093667390483,13156.061002210789,12848.368295844348,13094.5224609375,-0.006,False
2017-08-15,13349.467875725666,13424.193247437004,13243.973233309658,13345.072265625,-0.006,False
2017-08-16,13345.070947704931,13389.027044370627,13186.82899970843,13191.224609375,-0.006,False
2017-08-17,13186.828694553096,13296.718933674372,13134.081379774883,13204.4111328125,-0.006,False
2017-08-18,13054.960686107674,13371.444581528463,13024.19141849732,13318.697265625,-0.006,False
2017-08-21,13349.46763781292,13349.46763781292,13090.126646495513,13103.3134765625,-0.006,False
2017-08-22,13125.29038139275,13314.301595860226,13103.312333198855,13279.13671875,-0.006,False
2017-08-23,13437.378744503832,13490.126060478333,13331.884112554832,13402.2138671875,-0.006,False
2017-08-24,13349.466985646863,13432.983571991048,13248.367960072324,13257.1591796875,-0.006,False
2017-08-25,13274.742550241655,13318.698651401397,13213.20400861802,13301.1162109375,-0.006,False
2017-08-28,13340.674988076476,13375.839864486565,13204.411091987393,13248.3671875,-0.006,False
2017-08-29,13195.620296121862,13331.884196581485,13160.455418583899,13314.3017578125,-0.006,False
2017-08-30,13358.259300840471,13393.424182185234,13287.929538150956,13336.28125,-0.006,False
2017-08-31,13503.311448900387,13608.806069594924,13463.750966139938,13591.2236328125,-0.006,False
2017-09-01,13635.182049154695,13679.138148603935,13516.500580641743,13617.599609375,-0.006,False
2017-09-04,13586.830122182837,13600.016951806436,13450.5662160723,13542.8740234375,-0.006,False
2017-09-05,13652.762916031505,13683.532182101117,13411.004396913111,13516.4990234375,-0.006,False
2017-09-06,13292.32405814821,13437.379181798635,13252.763569879911,13257.1591796875,-0.006,False
2017-09-07,13318.697486128773,13503.31309484739,13230.785291500859,13393.4228515625,-0.006,False
2017-09-08,13353.86216087754,13498.917279807418,13345.070941548456,13402.2138671875,-0.006,False
2017-09-11,13424.19235462111,13551.6650390625,13406.609915387813,13551.6650390625,-0.006,False
2017-09-12,13758.259266506817,13890.127566185796,13753.863656517517,13863.75390625,-0.006,False
2017-09-13,13938.479435669175,13964.853095906961,13846.171624836928,13898.9189453125,-0.006,False
2017-09-14,13969.248147421202,14276.940837893033,13969.248147421202,14259.3583984375,-0.006,False
2017-09-15,14285.732169593908,14632.985351562502,14276.940949797236,14632.9853515625,-0.006,False
2017-09-18,14632.985351562502,14632.985351562502,14632.985351562502,14632.9853515625,-0.006,False
2017-09-19,15059.35928771583,15156.062704040916,14927.490992727075,15147.271484375,-0.006,False
2017-09-20,15156.063112834108,15204.414822300809,15037.381644143125,15129.689453125,-0.006,False
2017-09-21,15164.852843322486,15164.852843322486,14883.533834055052,14940.6767578125,-0.006,False
2017-09-22,14975.841695149742,15068.149495442707,14909.907552083336,14980.2373046875,0.994,True
2017-09-25,15156.063430812608,15274.744901993567,15142.876600681391,15200.01953125,-0.006,False
2017-09-26,15015.401664654531,15081.335805453657,14672.544132499072,14791.2255859375,-0.006,False
2017-09-27,14958.373803913664,15146.079719588708,14801.952207517794,15070.103515625,-0.006,False
2017-09-28,15508.084488737795,15677.913656049619,15302.501812518216,15333.7861328125,-0.006,False
2017-09-29,15329.31866115994,15534.901360405815,15302.503526475692,15445.517578125,-0.006,False
2017-10-02,15606.405950812175,15624.282704478628,15508.083805646693,15579.5908203125,-0.006,False
2017-10-03,15615.345746278696,15642.160879214489,15525.96196982604,15575.123046875,-0.006,False
2017-10-04,15584.05822563941,15597.465789355188,15467.859340102663,15508.08203125,-0.006,False
2017-10-05,15508.08622572157,15584.062440660264,15414.233254326711,15445.517578125,-0.006,False
2017-10-06,15517.024536527166,15517.024536527166,15199.71211080901,15217.5888671875,-0.006,False
2017-10-09,15217.5888671875,15217.5888671875,15217.5888671875,15217.5888671875,-0.006,False
2017-10-10,15418.698273144812,15525.958782871036,15382.944769902737,15508.08203125,-0.006,False
2017-10-11,15481.269927275343,15601.938024283554,15458.923983384937,15517.0234375,-0.006,False
2017-10-12,15646.629377979343,15923.719072762186,15646.629377979343,15820.927734375,-0.006,False
2017-10-13,15999.69435763889,16089.078124999998,15856.680329861108,16089.078125,-0.006,False
2017-10-16,16133.771570286399,16267.847234305404,16039.9186054731,16053.326171875,-0.006,False
2017-10-17,16098.020458594397,16249.972900457864,16066.736132328391,16227.626953125,-0.006,False
2017-10-18,16267.847316342988,16343.823526336897,16057.795441653943,16281.2548828125,-0.006,False
2017-10-19,16361.700665742608,16652.19794606855,16303.60120967742,16625.3828125,-0.006,False
2017-10-20,16710.299023802763,16862.25146210426,16665.60713018468,16728.17578125,-0.006,False
2017-10-23,17032.074990631518,17175.089002623175,16906.937730138816,17143.8046875,-0.006,False
2017-10-24,17143.808746995972,17206.377392058,16911.410922479863,17201.908203125,-0.006,False
2017-10-25,17260.007393607433,17420.898192719258,16987.386872890176,17045.486328125,-0.006,False
2017-10-26,16911.410491071427,17242.130463676946,16880.126169338473,17206.376953125,-0.006,False
2017-10-27,17420.89799868556,17429.83637631444,17246.59963492242,17425.3671875,-0.006,False
2017-10-30,17492.406838026942,17577.321434328038,17438.776566678873,17546.037109375,-0.006,False
2017-10-31,17528.15720604752,17684.578802735858,17416.427494127278,17657.763671875,-0.006,False
2017-11-01,18815.2835147707,20124.755740383007,18779.53000690415,20026.43359375,-0.006,False
2017-11-02,19847.666367941536,20227.54739502441,19521.41560350566,20142.6328125,-0.006,False
2017-11-03,20142.6328125,20142.6328125,20142.6328125,20142.6328125,-0.006,False
2017-11-06,20290.11778267141,20352.68642781621,19794.037810451908,19945.990234375,-0.006,False
2017-11-07,19928.109866103685,20120.284955640007,19914.702301717432,20102.408203125,-0.006,False
2017-11-08,20111.34753976143,20325.868580185557,19977.271889496355,20232.015625,-0.006,False
2017-11-09,20424.190652039342,21340.3742589689,19865.54211122864,20531.451171875,-0.006,False
2017-11-10,20120.28615397639,20509.105544335333,19959.3953717589,20209.669921875,-0.006,False
2017-11-13,20375.033068592944,20379.50225768454,19905.768213975207,19919.17578125,-0.006,False
2017-11-14,19954.92709011652,20576.14430523997,19923.642769930448,20160.509765625,-0.006,False
2017-11-15,20173.917571709942,20518.04509785564,19977.27327105526,20138.1640625,-0.006,False
2017-11-16,19865.542766966817,20589.55129975616,19838.727636122767,20504.63671875,-0.006,False
2017-11-17,20915.80185624865,21335.90556874595,20620.835419814368,20705.75,-0.006,False
2017-11-20,20334.808196416783,20634.243833594785,20209.67091520806,20299.0546875,-0.006,False
2017-11-21,20737.035332052692,20826.419105035668,20334.80835362925,20357.154296875,-0.006,False
2017-11-22,20719.156309846247,20732.563874326304,20370.559633364795,20419.720703125,-0.006,False
2017-11-23,20419.720703125,20419.720703125,20419.720703125,20419.720703125,-0.006,False
2017-11-24,20334.805302426917,20875.577047832117,20254.35991881292,20866.638671875,-0.006,False
2017-11-27,20911.33376461649,20951.55646260357,20406.315445445376,20495.69921875,-0.006,False
2017-11-28,20151.570105616018,20160.50848224304,19414.15403388689,19914.703125,-0.006,False
2017-11-29,19405.217020607583,19557.169433942607,18578.417124519976,18766.123046875,-0.006,False
2017-11-30,17841.00016558285,18681.207588210502,17818.65422349169,18556.0703125,-0.006,False
2017-12-01,18895.729483499643,19011.9283876082,18252.166322283,18587.35546875,-0.006,False
2017-12-04,18435.403575067936,18632.04787986866,18413.05763134058,18502.44140625,-0.006,False
2017-12-05,17876.755530698483,18238.759830195126,17845.471208519757,17979.546875,-0.006,False
2017-12-06,17984.01482971557,18278.98127572979,17854.408361012353,17912.5078125,-0.006,False
2017-12-07,18234.28747175309,18806.34354929829,18162.78046205994,18788.466796875,-0.006,False
2017-12-08,19235.388149144117,19472.255150051322,18998.521148236905,19320.302734375,-0.006,False
2017-12-11,19302.42656599594,19302.42656599594,18810.815794460963,18976.17578125,-0.006,False
2017-12-12,19087.905744794123,19280.080867019868,18913.607378124267,18953.830078125,-0.006,False
2017-12-13,18636.51957485289,18725.903361782635,18390.714160796077,18417.529296875,-0.006,False
2017-12-14,18368.365983033556,18757.185408951784,18328.143283800637,18480.095703125,-0.006,False
2017-12-15,18399.6472705649,18944.888214701146,18341.54782569792,18730.3671875,-0.006,False
2017-12-18,19074.49980395462,19163.88358935272,18958.30088293709,19056.623046875,-0.006,False
2017-12-19,19396.277495226204,19476.7228857594,18953.82784729362,19016.396484375,-0.006,False
2017-12-20,19016.393079316418,19105.776830570558,18757.180200679442,18931.478515625,-0.006,False
2017-12-21,18882.321901794105,19047.681880579046,18757.18462055144,19025.3359375,-0.006,False
2017-12-22,18681.20798903245,18775.060947829024,18377.303170072115,18591.82421875,-0.006,False
2017-12-25,18542.66314509465,18654.392857947714,18444.340997783955,18591.82421875,-0.006,False
2017-12-26,18502.442860401454,18542.665562271897,18354.95962020985,18368.3671875,-0.006,False
2017-12-27,18323.671525214788,18515.846616820694,18247.6953262078,18466.685546875,-0.006,False
2017-12-28,18547.131893885275,18609.700531599585,18323.672473477018,18377.302734375,-0.006,False
2017-12-29,18404.120196652882,18497.973165115658,18211.94507075291,18234.291015625,-0.006,False
2018-01-01,18234.291015625,18234.291015625,18234.291015625,18234.291015625,-0.006,False
2018-01-02,18234.291015625,18234.291015625,18234.291015625,18234.291015625,-0.006,False
2018-01-03,18234.291015625,18234.291015625,18234.291015625,18234.291015625,-0.006,False
2018-01-04,19038.743805185248,19364.994579311664,18904.668144585357,19360.525390625,-0.006,False
2018-01-05,19655.49251517857,19718.06115892857,19333.71091875,19552.701171875,-0.006,False
2018-01-08,19552.701171875,19552.701171875,19552.701171875,19552.701171875,-0.006,False
2018-01-09,20111.35007022472,20115.81925912921,19816.38360252809,19887.890625,-0.006,False
2018-01-10,19798.503046232,19798.503046232,19396.27612204218,19548.228515625,-0.006,False
2018-01-11,19351.588543155438,19762.75393483449,19351.588543155438,19543.763671875,-0.006,False
2018-01-12,19655.489986757868,19700.1818694017,19364.99274957295,19458.845703125,-0.006,False
2018-01-15,19575.049262502882,19606.33358780825,19329.24384938926,19391.8125,-0.006,False
2018-01-16,19396.277901785714,19709.12109375,19244.325494260203,19709.12109375,-0.006,False
2018-01-17,19646.55379504441,19968.335385864066,19579.51596362365,19874.482421875,-0.006,False
2018-01-18,20558.267060995626,20902.394574842725,20325.869259436542,20424.19140625,-0.006,False
2018-01-19,20647.650749918263,20647.650749918263,20370.561064529757,20504.63671875,-0.006,False
2018-01-22,20383.96855070153,20468.883131377548,20218.608577806117,20366.091796875,-0.006,False
2018-01-23,20415.25425981461,20522.514790076337,20321.401295835603,20491.23046875,-0.006,False
2018-01-24,20558.267795716823,20576.1445503218,20071.12623273136,20138.1640625,-0.006,False
2018-01-25,19691.247137578528,20071.128210364317,19691.247137578528,19919.17578125,-0.006,False
2018-01-26,19664.431378865982,19767.22272471005,19360.526530283503,19508.009765625,-0.006,False
2018-01-29,19758.28276453316,19968.33462834973,19588.453598043165,19762.751953125,-0.006,False
2018-01-30,19588.45263933352,19588.45263933352,19078.965164799185,19195.1640625,-0.006,False
2018-01-31,18301.327487800132,18734.83878604594,18234.289658174486,18287.919921875,-0.006,False
2018-02-01,18489.03465263194,18515.84978628333,18077.869269977327,18354.958984375,-0.006,False
2018-02-02,18109.1535959277,18265.575208923125,17921.447660333186,17957.201171875,-0.006,False
2018-02-05,17519.22017802742,17733.741241431835,17411.95964632521,17604.134765625,-0.006,False
2018-02-06,16889.062375752757,17219.782305841596,16267.845209775089,16790.740234375,-0.006,False
2018-02-07,17604.134795296675,17617.542361782052,16746.05054023271,16768.396484375,-0.006,False
2018-02-08,16830.963806601598,17130.39943460009,16746.049225527404,17000.79296875,-0.006,False
2018-02-09,16406.390309348775,16625.380536850298,16285.72222480712,16509.181640625,-0.006,False
2018-02-12,16509.181640625,16509.181640625,16509.181640625,16509.181640625,-0.006,False
2018-02-13,17090.17752749864,17143.807791706273,16428.737602271183,16455.552734375,-0.006,False
2018-02-14,16625.381213331162,17188.49896410528,16607.50445933833,17139.337890625,-0.006,False
2018-02-15,17483.465903072036,18135.967442399367,17425.36645094015,17930.384765625,-0.006,False
2018-02-16,18131.499429123316,18466.688597766217,18028.708084072827,18256.63671875,-0.006,False
2018-02-19,18439.870855460238,18489.031926572712,18153.842805351305,18462.216796875,-0.006,False
2018-02-20,18390.709244181107,18417.52437309122,18019.766627591307,18109.150390625,-0.006,False
2018-02-21,18287.920192103822,18627.578533892658,18198.536417948868,18444.341796875,-0.006,False
2018-02-22,18198.537022463326,18363.897010142882,18046.584601352384,18278.982421875,-0.006,False
2018-02-23,18220.883690567483,18301.329093174845,18077.86964148773,18211.9453125,-0.006,False
2018-02-26,18529.25898248336,18623.111958516198,18323.67627307809,18457.751953125,-0.006,False
2018-02-27,18770.59608933616,19181.761527483523,18734.84257297552,18985.1171875,-0.006,False
2018-02-28,18994.0537962592,19074.499200572765,18824.224609375,18824.224609375,-0.006,False
2018-03-01,18591.82529432965,18797.40797787272,18448.811253604035,18600.763671875,-0.006,False
2018-03-02,17975.07671695534,18471.15665618508,17966.138339671917,18287.919921875,-0.006,False
2018-03-05,18323.67283436182,18600.762521125343,17885.69236173561,18015.298828125,-0.006,False
2018-03-06,18462.218030650776,18699.08502547636,18462.218030650776,18529.255859375,-0.006,False
2018-03-07,18310.267118962543,18569.48007793248,18109.15361631345,18135.96875,-0.006,False
2018-03-08,18591.823589894244,19132.59538181184,18587.354401531287,19016.396484375,-0.006,False
2018-03-09,19329.242717284018,19606.33243947399,19056.622184161635,19244.328125,-0.006,False
2018-03-12,19959.395727489584,20044.31030850667,19588.45308409916,19847.666015625,-0.006,False
2018-03-13,19691.245035914795,20299.0546875,19624.20720669584,20299.0546875,-0.006,False
2018-03-14,19977.27523944077,20245.426584936617,19740.4082175861,19919.17578125,-0.006,False
2018-03-15,19753.81393085436,19972.80417578917,19682.30691210013,19838.728515625,-0.006,False
2018-03-16,19834.259178839675,19878.951065227324,19440.97057862834,19561.638671875,-0.006,False
2018-03-19,19289.016226100397,19516.944823767477,19177.286521361628,19342.646484375,-0.006,False
2018-03-20,19078.968703431798,19150.475730664155,18927.016270563057,19119.19140625,-0.006,False
2018-03-21,19119.19140625,19119.19140625,19119.19140625,19119.19140625,0.994,True
2018-03-22,18931.481629919184,19213.040492687105,18819.751922471598,19078.96484375,-0.006,False
2018-03-23,18144.905978260867,18448.810807453414,17934.854111024844,17988.484375,-0.006,False
2018-03-26,17541.565477474123,17818.655174188363,17125.93093240276,17809.716796875,-0.006,False
2018-03-27,18466.68589939025,18484.562652439025,18135.965967987806,18323.671875,-0.006,False
2018-03-28,17743.587186243778,17952.70965884619,17620.84138710758,17811.779296875,-0.006,False
2018-03-29,17929.97655640125,17970.891817305815,17329.886063134272,17470.81640625,-0.006,False
2018-03-30,17866.33098418374,18248.20676094492,17820.86958218836,18198.19921875,-0.006,False
2018-04-02,18216.384335579132,18516.42959790711,18170.9229321961,18334.583984375,-0.006,False
2018-04-03,17820.87024968593,18180.01533890154,17711.762880810304,18093.638671875,-0.006,False
2018-04-04,18180.015342450268,18239.11516726944,17448.086742766733,17598.109375,-0.006,False
2018-04-05,17848.149394601114,17966.349059466018,17611.750064871296,17793.595703125,-0.006,False
2018-04-06,17657.208097496812,17916.338082449776,17616.29283671476,17820.869140625,-0.006,False
2018-04-09,17602.656361379835,17916.34006203459,17520.825830774247,17857.240234375,-0.006,False
2018-04-10,17857.241380647964,18407.324427251428,17670.849604526127,18311.85546875,-0.006,False
2018-04-11,18530.069950034296,18661.90803358459,18211.840093188766,18225.478515625,-0.006,False
2018-04-12,18225.479436882557,18343.67910397134,18029.995372081867,18061.818359375,-0.006,False
2018-04-13,18270.93903242968,18534.61518666728,18230.02376711695,18425.5078125,-0.006,False
2018-04-16,18434.60107770905,18580.07758436422,18389.139669379318,18443.693359375,-0.006,False
2018-04-17,18398.231951045258,18520.97775353556,18343.678261049576,18443.693359375,-0.006,False
2018-04-18,18443.68841729626,18480.057534214764,17975.436036970525,18352.765625,-0.006,False
2018-04-19,18089.09258417364,18425.506972519663,18043.63118034309,18202.74609375,-0.006,False
2018-04-20,17711.765178799084,17843.60326662895,17388.98917066388,17829.96484375,-0.006,False
2018-04-23,17734.492019024332,17893.60691793893,17675.39219942748,17866.330078125,-0.006,False
2018-04-24,17911.79423337749,18202.747236153165,17857.24054535705,18016.35546875,-0.006,False
2018-04-25,17848.148109548034,18052.724437854107,17607.202656209764,17652.6640625,-0.006,False
2018-04-26,18930.131417013064,19648.421706131234,18902.85457059085,19139.25390625,-0.006,False
2018-04-27,19430.20371497269,19516.5803809962,18939.220560733796,19143.796875,-0.006,False
2018-04-30,19143.796875,19143.796875,19143.796875,19143.796875,-0.006,False
2018-05-01,19393.83521659197,19407.473637981984,18766.467832651593,18893.759765625,-0.006,False
2018-05-02,19148.341631132476,19193.803031016454,18793.74271203743,18857.388671875,-0.006,False
2018-05-03,18857.388671875,18857.388671875,18857.388671875,18857.388671875,-0.006,False
2018-05-04,18857.388671875,18857.388671875,18857.388671875,18857.388671875,-0.006,False
2018-05-07,19025.597208745985,19221.081242193075,18921.03598155336,19107.427734375,-0.006,False
2018-05-08,19080.150910561624,19266.542663559725,19057.42020897649,19143.796875,-0.006,False
2018-05-09,19093.790080716823,19357.46622945053,19075.605518735192,19184.712890625,0.994,True
2018-05-10,19321.096921702167,19348.37376441516,19139.251303615558,19316.55078125,-0.006,False
2018-05-11,19539.30875075361,19889.361513389267,19439.29367571486,19793.892578125,-0.006,False
2018-05-14,19707.51782935685,19771.163792358228,19607.502744640387,19721.15625,-0.006,False
2018-05-15,19839.35587651559,19943.917101345993,19539.310622654444,19684.787109375,-0.006,False
2018-05-16,19571.13426405487,19616.59566768798,19425.657772428905,19543.857421875,-0.006,False
2018-05-17,19721.159671118952,19775.71336315524,19616.598428049398,19730.251953125,-0.006,False
2018-05-18,19393.834449710703,19507.48795679996,19312.00392460644,19348.373046875,-0.006,False
2018-05-21,19275.636345255214,19275.636345255214,18775.56087403397,18971.044921875,-0.006,False
2018-05-22,19221.08193032297,19298.3663184061,18943.767361318784,19002.8671875,-0.006,False
2018-05-23,19075.603999016454,19284.72644514485,18939.219795019668,19066.51171875,-0.006,False
2018-05-24,18989.227336485157,19130.157680615168,18884.66611342096,19066.51171875,-0.006,False
2018-05-25,19048.325412784223,19484.7548255831,18880.118243267993,19393.83203125,-0.006,False
2018-05-28,19666.60563846794,19771.166879726552,19352.9219146921,19462.029296875,-0.006,False
2018-05-29,19571.13411996384,19648.41850557113,19098.33552566042,19252.904296875,-0.006,False
2018-05-30,18911.941969733954,18948.31108890652,18530.066218422016,18625.53515625,-0.006,False
2018-05-31,18802.83580346201,18802.83580346201,18484.60599054075,18548.251953125,-0.006,False
2018-06-01,18534.615234375,18721.00699905721,18448.238562936906,18534.615234375,-0.006,False
2018-06-04,18802.837717918766,18989.229484464864,18680.091920437186,18971.044921875,-0.006,False
2018-06-05,19089.241766826923,19352.91788553994,19048.326507026624,19207.44140625,-0.006,False
2018-06-06,19321.09878070594,19330.191062485093,18980.1382139876,19061.96875,-0.006,False
2018-06-07,19234.7199685099,19252.904530049498,19098.335756962915,19230.173828125,-0.006,False
2018-06-08,19230.175625641292,19298.36773778896,18752.83084060765,18830.115234375,-0.006,False
2018-06-11,18780.104926875458,18984.681233268435,18643.72072261347,18680.08984375,-0.006,False
2018-06-12,18689.184014843177,18780.106826883282,18420.961719324874,18534.615234375,-0.006,False
2018-06-13,18589.16673046301,18634.62813112445,18461.87480861097,18557.34375,-0.006,False
2018-06-14,18434.600502913865,18539.161738812018,18234.5703125,18234.5703125,-0.006,False
2018-06-15,17825.419028228185,17829.965169270832,17298.06666728086,17348.07421875,-0.006,False
2018-06-18,17357.16390295482,17366.25618367926,16807.080919126238,17029.841796875,-0.006,False
2018-06-19,17038.935725293046,17184.4122309519,16729.798150767987,16870.728515625,-0.006,False
2018-06-20,16929.824422500657,17275.331043368016,16779.80181080825,17257.146484375,-0.006,False
2018-06-21,17661.7548828125,17675.39330357143,17007.110686383927,17184.41015625,-0.006,False
2018-06-22,17057.118496109208,17257.148670370618,16888.91130411666,17234.41796875,-0.006,False
2018-06-25,17166.22769653877,17211.689104633417,16902.55152958982,16943.466796875,-0.006,False
2018-06-26,16547.950278825785,17179.86376474798,16475.212035841938,17170.771484375,-0.006,False
2018-06-27,17293.515766027343,17393.53084143549,17107.124034584882,17125.30859375,-0.006,False
2018-06-28,16998.017490748356,17361.70869140625,16684.333830180916,17275.33203125,-0.006,False
2018-06-29,17352.6174016044,17570.8321344514,17070.75670501035,17293.517578125,-0.006,False
2018-07-02,17320.795527046637,17557.194836077193,17002.565687967042,17034.388671875,-0.006,False
2018-07-03,17002.56611062483,17029.84295465257,16607.051872222597,16879.8203125,-0.006,False
2018-07-04,16229.722125581311,16443.39073619821,15988.776671055877,16129.70703125,-0.006,False
2018-07-05,15938.77011488584,16461.57632230508,15929.677833017678,16202.4462890625,-0.006,False
2018-07-06,15975.136731688171,16543.40425913866,15929.675329492131,16470.666015625,-0.006,False
2018-07-09,16511.58072211694,16893.456487716565,16397.92722045039,16793.44140625,-0.006,False
2018-07-10,17011.655327950557,17198.047061901914,16925.278670753592,17102.578125,-0.006,False
2018-07-11,16911.640437048918,17025.29393460973,16634.325903000536,17007.109375,-0.006,False
2018-07-12,16829.813705828594,16888.913537858793,16557.045250304633,16788.8984375,-0.006,False
2018-07-13,16938.917276463508,17202.5933908046,16875.271317829458,17007.109375,-0.006,False
2018-07-16,17007.109375,17007.109375,17007.109375,17007.109375,-0.006,False
2018-07-17,17048.025199507756,17261.693782008253,16916.1871379649,17143.494140625,-0.006,False
2018-07-18,17452.630658722126,17484.453637261082,17120.76245395872,17125.30859375,-0.006,False
2018-07-19,17470.817676336974,17743.586102197038,17411.717850733963,17575.37890625,-0.006,False
2018-07-20,17302.609982129765,17416.263489631932,16966.195599923354,17052.572265625,-0.006,False
2018-07-23,16884.364538289417,16979.83348155923,16711.61121237262,16952.556640625,-0.006,False
2018-07-24,16998.019812421004,17161.680875070684,16775.258921592267,17084.396484375,-0.006,False
2018-07-25,16734.342408697292,17002.564685826637,16607.050480568105,16979.833984375,-0.006,False
2018-07-26,17225.32327687204,17398.076585006413,17120.76206405387,17279.876953125,-0.006,False
2018-07-27,17729.948276926876,17793.594245100463,17043.48104876894,17252.603515625,-0.006,False
2018-07-30,17252.602565996847,17334.43309200158,17148.04133832414,17307.15625,-0.006,False
2018-07-31,17243.50840491223,17579.922752912098,17234.416125236556,17416.26171875,-0.006,False
2018-08-01,17584.471600800833,17979.985827602715,17566.287038649025,17952.708984375,-0.006,False
2018-08-02,17893.61135184717,18143.649112099098,17861.78836417874,17966.349609375,-0.006,False
2018-08-03,18170.921623157392,18361.859503610885,18034.53742283347,18157.283203125,-0.006,False
2018-08-06,18093.64125925453,18120.91810537401,17748.134541741132,17807.234375,-0.006,False
2018-08-07,17920.8834400221,17966.34483890597,17684.48416582597,17743.583984375,-0.006,False
2018-08-08,17707.214450540057,17879.967762252643,17661.753052720956,17861.783203125,-0.006,False
2018-08-09,17934.52405255864,17934.52405255864,17670.847906792256,17684.486328125,-0.006,False
2018-08-10,17216.236029326028,17348.074118803306,16979.836696470218,17057.12109375,-0.006,False
2018-08-13,16743.432978867368,16797.986656778423,16507.033707919472,16534.310546875,-0.006,False
2018-08-14,16738.889719355164,16911.64306246638,16661.605329015936,16902.55078125,-0.006,False
2018-08-15,16847.993634923987,16907.093450696793,16702.5171653294,16820.716796875,-0.006,False
2018-08-16,16357.01104100614,16970.739915529717,16243.357545723997,16847.994140625,-0.006,False
2018-08-17,16779.803626774108,16811.62660845588,16497.942931878417,16616.142578125,-0.006,False
2018-08-20,16511.582734310206,16579.774843620402,16357.013953207075,16443.390625,-0.006,False
2018-08-21,16275.18372852204,16657.05954785049,16243.360743578003,16602.505859375,-0.006,False
2018-08-22,16616.143006579387,17075.30318268459,16616.143006579387,16993.47265625,-0.006,False
2018-08-23,17079.849107425518,17161.67963282708,16993.472441723872,17052.572265625,-0.006,False
2018-08-24,17111.67160438316,17120.763884725548,16861.63389496736,17061.6640625,-0.006,False
2018-08-27,17193.503272721337,17425.356436896058,17093.488182293026,17407.171875,-0.006,False
2018-08-28,17639.024238466092,17702.670202213132,17279.879157322062,17293.517578125,-0.006,False
2018-08-29,17366.25468302059,17543.5541418263,17311.701003388065,17443.5390625,-0.006,False
2018-08-30,17552.64494173729,17616.290895941984,17379.891637467408,17434.4453125,-0.006,False
2018-08-31,17070.75882398592,17225.32761227235,16934.374599027316,17161.681640625,-0.006,False
2018-09-03,17188.955612570062,17193.50175264215,16797.987566370368,16829.810546875,-0.006,False
2018-09-04,16847.995842686672,17007.11075215619,16825.265141333886,16834.357421875,-0.006,False
2018-09-05,16888.913202846135,16948.01303370401,16557.044921875,16557.044921875,-0.006,False
2018-09-06,16366.104240512925,16511.58072265082,16243.358458709083,16352.4658203125,-0.006,False
2018-09-07,15456.877159233667,15475.061720597474,15143.193475708045,15379.5927734375,-0.006,False
2018-09-10,15438.693327015531,15602.354387019232,15320.493672568415,15365.955078125,-0.006,False
2018-09-11,15543.25390625,15665.999696091692,15434.146537501829,15543.25390625,-0.006,False
2018-09-12,15488.699966453736,15515.976808190959,14897.70172881388,15034.0859375,-0.006,False
2018-09-13,14493.09477526886,15070.454573405354,14465.81793441202,14584.017578125,-0.006,False
2018-09-14,14629.479582110383,14938.617124553984,14606.748880460118,14811.3251953125,-0.006,False
2018-09-17,14811.325195312502,14811.325195312502,14811.325195312502,14811.3251953125,-0.006,False
2018-09-18,14547.649515086208,14843.148645861396,14438.542143723062,14765.8642578125,-0.006,False
2018-09-19,15002.264109747251,15024.994812943838,14779.503218420701,14884.064453125,-0.006,False
2018-09-20,14756.771337061988,14761.317477338347,14456.726078822281,14465.818359375,-0.006,False
2018-09-21,14456.726088012007,14579.471875551732,14215.780653211808,14484.0029296875,-0.006,False
2018-09-24,14484.002929687502,14484.002929687502,14484.002929687502,14484.0029296875,-0.006,False
2018-09-25,14661.303299422505,14965.894716805857,14552.195926031452,14834.056640625,-0.006,False
2018-09-26,14934.803414067375,15023.423421833548,14701.592867314297,14944.1318359375,-0.006,False
2018-09-27,14790.21204928371,14827.525734680828,14412.41098463786,14417.0751953125,-0.006,False
2018-09-28,14570.994437159672,14636.293387902388,14449.72495720892,14561.666015625,-0.006,False
2018-10-01,14720.24968784276,15084.058140203892,14715.585476915054,14883.4970703125,-0.006,False
2018-10-02,14818.197326313586,14906.817329209385,14664.278373915615,14785.5478515625,-0.006,False
2018-10-03,14860.175045890395,14869.50346713703,14650.285567841098,14729.5771484375,-0.006,False
2018-10-04,14780.883921689825,14813.53339706118,14468.381800278268,14561.666015625,-0.006,False
2018-10-05,14389.090662906045,14412.41171746505,14067.260109991776,14179.201171875,-0.006,False
2018-10-08,14179.201171875,14179.201171875,14179.201171875,14179.201171875,-0.006,False
2018-10-09,13530.876507215264,13740.766008361312,13437.59228448369,13544.869140625,-0.006,False
2018-10-10,13759.421700827519,13782.742754557737,13512.21853128723,13703.451171875,-0.006,False
2018-10-11,12975.834589539441,13320.986192568169,12873.22195080117,13171.7314453125,-0.006,False
2018-10-12,12891.878305594451,13810.72780856193,12882.549884244529,13740.7646484375,-0.006,False
2018-10-15,13605.503885400525,13880.692342458678,13372.293328571584,13544.869140625,-0.006,False
2018-10-16,13526.21081685398,13624.159240010511,13237.029758010896,13591.509765625,-0.006,False
2018-10-17,14011.290336390324,14141.888248979849,13880.692423800801,14001.9619140625,-0.006,False
2018-10-18,13955.319568578447,13983.304835092977,13754.75849189099,13764.0869140625,-0.006,False
2018-10-19,13554.197416166167,13983.304836086085,13535.54057182182,13978.640625,-0.006,False
2018-10-22,13773.415440913823,14365.770253306662,13736.101751944198,14281.814453125,-0.006,False
2018-10-23,14225.8444461307,14267.822347775022,13764.08752804318,13806.0654296875,-0.006,False
2018-10-24,13945.990495769673,13950.654706637828,13470.240987218334,13661.4736328125,-0.006,False
2018-10-25,12966.506204863588,13185.724115521354,12901.207252752763,13078.447265625,-0.006,False
2018-10-26,13293.001140247692,13563.52537397905,12910.535844282671,13134.41796875,-0.006,False
2018-10-29,13134.418835736897,13386.286242388103,13129.754624502617,13260.3525390625,-0.006,False
2018-10-30,13297.665926963831,14151.216563454316,13293.001715835466,14127.8955078125,-0.006,False
2018-10-31,14832.190955480955,14841.519377465533,14165.208783583541,14631.6298828125,-0.006,False
2018-11-01,14179.201371173469,14239.836113879146,13675.466585618624,13712.7802734375,-0.006,False
2018-11-02,13992.63320038988,14678.272227208985,13936.66266758832,14654.951171875,-0.006,False
2018-11-05,14389.090871971015,14804.205649152676,14328.456129236616,14724.9140625,-0.006,False
2018-11-06,14645.621958607016,14748.234596533564,14449.725104383608,14557.001953125,-0.006,False
2018-11-07,14570.995434910164,14724.914400771891,14328.456458400777,14407.748046875,-0.006,False
2018-11-08,14762.226963762389,14785.54801741762,14463.717476975407,14473.0458984375,-0.006,False
2018-11-09,14417.076359178654,14552.338479662698,14048.603686135913,14104.57421875,-0.006,False
2018-11-12,13973.97599935641,14356.4412970691,13857.370725663513,14267.8212890625,-0.006,False
2018-11-13,13722.108953036577,14071.924782906643,13647.481575997626,14011.2900390625,-0.006,False
2018-11-14,14160.544031989644,14291.14193478797,14034.610340005547,14188.529296875,-0.006,False
2018-11-15,14048.603132531996,14193.193669420609,13908.676806510764,14029.9462890625,-0.006,False
2018-11-16,13726.774026489255,13773.416140068899,13344.308695136177,13432.9287109375,-0.006,False
2018-11-19,13600.838551702833,14029.945940851208,13512.21854742219,13918.0048828125,-0.006,False
2018-11-20,13507.55467416354,13764.086271911809,13460.912565482036,13661.4736328125,-0.006,False
2018-11-21,13554.19625249308,14426.403650709255,13554.19625249308,14323.791015625,-0.006,False
2018-11-22,14323.791680919992,14570.994858741145,14104.573768512557,14487.0390625,-0.006,False
2018-11-23,14487.039062499998,14487.039062499998,14487.039062499998,14487.0390625,-0.006,False
2018-11-26,14505.695137235716,14636.293035577388,14365.768817583923,14449.724609375,-0.006,False
2018-11-27,14645.622919308817,14766.892408449587,14319.128140852883,14710.921875,-0.006,False
2018-11-28,14584.987084899287,14813.533412740691,14435.732340186532,14776.2197265625,-0.006,False
2018-11-29,14925.475307668037,14967.453206970851,14734.24265528854,14780.884765625,-0.006,False
2018-11-30,14785.549061884843,14836.85538355069,14654.95115218996,14808.8701171875,-0.006,False
2018-12-03,15060.737258954008,15107.37936876805,14925.475140493289,14939.4677734375,-0.006,False
2018-12-04,14902.153705303484,15018.75897686298,14515.02420372596,14552.337890625,-0.006,False
2018-12-05,14211.850990713732,14463.718386020113,14155.880458423426,14291.142578125,-0.006,False
2018-12-06,14085.917434561969,14085.917434561969,13428.263673544338,13642.8173828125,-0.006,False
2018-12-07,13843.379499246987,13987.97005331594,13344.308877138015,13549.5341796875,-0.006,False
2018-12-10,13185.723755013001,13386.28481672703,13097.103750999824,13120.4248046875,-0.006,False
2018-12-11,13083.11256350997,13181.060999814325,12845.23778962797,12952.5146484375,-0.006,False
2018-12-12,13013.14848466353,13320.986405806108,12887.21478965066,13134.41796875,-0.006,False
2018-12-13,13134.418880623447,13260.352584379429,12999.156754367028,13167.068359375,-0.006,False
2018-12-14,12938.52044231805,13017.812023976092,12448.7783203125,12448.7783203125,-0.006,False
2018-12-17,12439.451544241121,12845.237927574071,12406.80206512238,12672.662109375,-0.006,False
2018-12-18,12486.091998548527,12770.608850215118,12346.165678056765,12602.697265625,-0.006,False
2018-12-19,12234.2256698697,12350.8309469367,12015.00774898374,12047.6572265625,-0.006,False
2018-12-20,11786.460296334573,12033.663460444475,11497.279236432418,11529.9287109375,-0.006,False
2018-12-21,11413.324042393846,11847.095654957238,11399.331409730508,11725.826171875,-0.006,False
2018-12-24,11725.826171874998,11725.826171874998,11725.826171874998,11725.826171875,-0.006,False
2018-12-25,11138.135973117278,11357.35389218617,10942.239109268481,10946.9033203125,-0.006,False
2018-12-26,11194.105877637568,11376.010098149178,11002.87323556126,11273.3974609375,-0.006,False
2018-12-27,11926.387279079165,11959.036755400459,11520.600930514485,11632.5419921875,-0.006,False
2018-12-28,11487.95110086646,11763.13953568218,11473.958468587693,11674.51953125,-0.006,False
2018-12-31,11674.51953125,11674.51953125,11674.51953125,11674.51953125,-0.006,False
2019-01-04,11212.76279350284,11240.748058378469,10816.3048744314,11086.8291015625,-0.006,False
2019-01-07,11604.558488676821,11889.075396960296,11567.244795787185,11791.126953125,-0.006,False
2019-01-08,11847.09642261731,12038.329081407588,11702.505875727096,11977.6943359375,-0.006,False
2019-01-09,11926.387635072439,12178.255031354764,11898.402368818844,12173.5908203125,-0.006,False
2019-01-10,12201.574805125096,12509.412701584673,12164.261120705749,12490.755859375,-0.006,False
2019-01-11,12640.011484086182,12709.974647282232,12518.742001213031,12616.6904296875,-0.006,False
2019-01-15,12523.406006558918,13115.760778563756,12500.084952542978,13022.4765625,-0.006,False
2019-01-16,12985.163382907978,13064.454969657058,12751.952833645984,12975.8349609375,-0.006,False
2019-01-17,13031.804855094882,13069.11854115099,12677.32483756188,12719.302734375,-0.006,False
2019-01-18,12873.221890453902,13279.008232652994,12845.236625474654,13204.380859375,-0.006,False
2019-01-21,13502.890414751442,13661.473583698438,13246.358817925422,13540.2041015625,-0.006,False
2019-01-22,13465.576478334831,13530.875429043765,13237.030150853567,13302.3291015625,-0.006,False
2019-01-23,13069.118720613025,13279.008207560772,12966.50608254968,13143.74609375,-0.006,False
2019-01-24,13255.686738241473,13796.73517653704,13209.044631491854,13740.7646484375,-0.006,False
2019-01-25,13885.35617963937,14487.039400053704,13885.35617963937,14384.4267578125,-0.006,False
2019-01-28,14496.36680367067,14557.001542553457,14328.455219072162,14477.7099609375,-0.006,False
2019-01-29,14081.253396528868,14267.8218416634,13871.363895752516,14127.8955078125,-0.006,False
2019-01-30,14328.455882352939,14417.075889437805,14146.551657284006,14272.4853515625,-0.006,False
2019-01-31,14645.622045640792,14659.614678168471,14389.090449299949,14584.9873046875,-0.006,False
2019-02-01,14734.242039161392,14962.788370253164,14286.477798655063,14370.43359375,-0.006,False
2019-02-04,14440.396877979972,14673.607421875,14393.754769200967,14673.607421875,-0.006,False
2019-02-05,14566.330609517456,14673.607459987805,14482.374813497185,14580.3232421875,-0.006,False
2019-02-06,14598.980148134417,14654.950679053782,14459.053820836003,14547.673828125,-0.006,False
2019-02-07,14804.205374911335,14944.131701706336,14664.27904811633,14794.876953125,-0.006,False
2019-02-08,14365.770079997505,14412.412190646846,13964.647928413158,14011.2900390625,-0.006,False
2019-02-12,14141.887872189893,14664.279508629625,14141.887872189893,14626.9658203125,0.994,True
2019-02-13,14990.774077275186,15112.043562654511,14818.198271158451,15093.38671875,-0.006,False
2019-02-14,15093.386695722153,15317.268822234719,14939.467733744763,15032.751953125,-0.006,False
2019-02-15,14939.467129354467,15014.094501839534,14776.219752043382,14836.8544921875,-0.006,False
2019-02-18,15205.327447949434,15209.991658823037,14813.533734566687,14827.5263671875,-0.006,False
2019-02-19,14720.248814791405,14808.86881716182,14519.687756795198,14757.5625,-0.006,False
2019-02-20,14734.242138874482,14813.533723667411,14533.681071457073,14612.97265625,-0.006,False
2019-02-21,14570.994513207846,14841.518739125278,14519.688194499367,14743.5703125,-0.006,False
2019-02-22,14575.658297061611,14584.98671837173,14365.768817583923,14449.724609375,-0.006,False
2019-02-25,14706.256549412437,14766.891289387813,14561.666015625002,14561.666015625,-0.006,False
2019-02-26,14664.27860041182,14664.27860041182,14342.448058608892,14440.396484375,-0.006,False
2019-02-27,14505.697144427186,14543.010834830857,14333.121326310205,14356.4423828125,-0.006,False
2019-02-28,14225.842808890264,14267.820705703383,13983.303849525577,14132.55859375,-0.006,False
2019-03-01,14193.19416868094,14370.434187875771,14165.20890249228,14351.77734375,-0.006,False
2019-03-04,14580.32289927008,14878.832389210349,14580.32289927008,14836.8544921875,-0.006,False
2019-03-05,14603.643201402581,14729.576885988294,14421.738990334326,14491.7021484375,-0.006,False
2019-03-06,14361.10502387857,14463.717661269066,14300.470283602368,14375.09765625,-0.006,False
2019-03-07,13945.991062379848,14020.618439302285,13768.751042189067,13950.6552734375,-0.006,False
2019-03-08,13740.765357987073,13773.414834397769,13386.285328385236,13442.255859375,-0.006,False
2019-03-11,13572.854216746797,13745.430026375534,13246.359441773504,13642.8173828125,-0.006,False
2019-03-12,14001.961171978923,14090.581179396511,13848.042211727325,14025.2822265625,-0.006,False
2019-03-13,13852.706389925374,13983.304295284941,13689.459008225915,13750.09375,-0.006,False
2019-03-14,13969.311474099552,14034.610425898345,13759.421986174848,13848.0419921875,-0.006,False
2019-03-15,14011.288993203845,14393.754271979717,13997.296361053508,14197.857421875,-0.006,False
2019-03-18,14729.577865620024,14818.19787177797,14566.330485855395,14645.6220703125,-0.006,False
2019-03-19,14459.053439757225,14598.979763367775,14314.462905359649,14529.0166015625,-0.006,False
2019-03-20,14617.636805209993,14743.570498171279,14608.308383509155,14645.6220703125,-0.006,False
2019-03-22,15317.26866437708,15653.091850684983,15228.648656879162,15405.888671875,-0.006,False
2019-03-25,14864.840527192813,15098.051078294053,14841.519472082693,15088.72265625,-0.006,False
2019-03-26,15205.32820991848,15275.291376528532,15018.759765625,15233.3134765625,-0.006,False
2019-03-27,15490.616439903844,15576.38423317308,15347.670117788462,15485.8515625,-0.006,False
2019-03-28,15199.958420586341,15333.374983525657,15009.363330673032,15252.3720703125,-0.006,False
2019-03-29,15466.791778564453,15500.145919799805,15190.428894042969,15247.607421875,-0.006,False
2019-04-01,15571.61874451168,15705.035306582164,15447.731936874807,15600.2080078125,-0.006,False
2019-04-02,16009.987899054096,16152.934219581364,15909.925474685007,16119.580078125,-0.006,False
2019-04-03,16152.931998191929,16643.714297842005,16086.22372445308,16553.181640625,-0.006,False
2019-04-04,16724.720583773556,17086.85128587236,16543.655232724155,16686.6015625,-0.006,False
2019-04-05,16681.833576852736,16924.842292196776,16619.890178823858,16853.369140625,-0.006,False
2019-04-08,17077.319448434362,17158.322358764544,16505.534199044814,16586.537109375,-0.006,False
2019-04-09,16562.71354687054,16834.311553824402,16553.18379224058,16691.365234375,-0.006,False
2019-04-10,16338.763051114342,16619.89079098478,16267.28989690999,16596.06640625,-0.006,False
2019-04-11,16529.359572099234,16696.130279802743,16415.002515388256,16667.541015625,-0.006,False
2019-04-12,16710.424162116637,16729.483670713293,16457.885673210967,16662.775390625,-0.006,False
2019-04-15,16939.13851509127,16967.72777840788,16729.48391743613,16739.013671875,-0.006,False
2019-04-16,16677.07113323396,16824.78233469975,16572.243828967916,16781.8984375,-0.006,False
2019-04-17,16962.963226232398,17210.736846390846,16915.314453125,16915.314453125,-0.006,False
2019-04-18,17124.97027551775,17263.15172737919,16881.961515347633,16910.55078125,-0.006,False
2019-04-19,17134.498825220322,17358.448059031598,17048.73103354792,17301.26953125,-0.006,False
2019-04-22,17301.271352679192,17315.565986129488,17010.613805856436,17101.146484375,-0.006,False
2019-04-23,17248.85682175279,17248.85682175279,16910.550513922833,17058.26171875,-0.006,False
2019-04-24,17134.497334688826,17134.497334688826,16805.72082854491,16843.83984375,-0.006,False
2019-04-25,17034.435713738618,17172.61715029762,16877.19476868872,17010.611328125,-0.006,False
2019-04-26,16677.072448816947,16824.783661935042,16329.236366313049,16815.25390625,-0.006,False
2019-05-07,16557.949656059176,16696.131106426288,16348.295041709072,16386.4140625,-0.006,False
2019-05-08,15924.219454195845,16181.522820601165,15838.451665394072,15990.927734375,-0.006,False
2019-05-09,15776.50826237057,16086.225277488082,15738.389245125338,15990.927734375,-0.006,False
2019-05-10,15990.92725676257,16300.644262629548,15766.978037135683,15919.4541015625,-0.006,False
2019-05-13,15709.799872512676,15724.094503879842,15471.556016393286,15504.91015625,-0.006,False
2019-05-14,15028.422222422236,15652.621116251441,14976.00857484879,15509.6748046875,-0.006,False
2019-05-15,15676.4460497491,15919.454787906303,15538.264610404807,15905.16015625,-0.006,False
2019-05-16,15862.276328802034,15900.395346714446,15228.5476560082,15395.318359375,-0.006,False
2019-05-17,15738.390236180665,15971.869231510018,15457.2624662943,15462.02734375,-0.006,False
2019-05-20,15228.547276437715,15447.731623970923,14923.59514073934,14976.0087890625,-0.006,False
2019-05-21,14766.354996618127,14866.417421571014,14342.280909913059,14694.8818359375,-0.006,False
2019-05-22,15047.483094639352,15090.366991995828,14556.700713781893,14566.23046875,-0.006,False
2019-05-23,14351.80959192656,14361.339345971664,14151.684756979375,14208.86328125,-0.006,False
2019-05-24,13927.735852269065,14032.563149138692,13789.554415486373,13856.2626953125,-0.006,False
2019-05-27,13794.31976391443,14023.033873989694,13770.495377448256,13927.736328125,-0.006,False
2019-05-28,14780.649854524067,14837.828383941956,14213.629437796675,14304.162109375,-0.006,False
2019-05-29,14104.036511533883,14104.036511533883,13851.498019942224,13994.4443359375,-0.006,False
2019-05-30,14118.331407782116,14466.16744989082,14104.036775914634,14456.6376953125,-0.006,False
2019-05-31,14299.396556676282,14413.753610111882,14065.9175725786,14094.5068359375,-0.006,False
2019-06-03,13799.084732050398,13918.206665165477,13675.197921610721,13803.849609375,-0.006,False
2019-06-04,13894.382248307422,14251.748046875,13889.617370993188,14251.748046875,-0.006,False
2019-06-05,14675.822481221423,14737.765887798008,14523.34640349445,14590.0546875,-0.006,False
2019-06-06,14532.875341943702,14575.759236395339,14237.452957943535,14261.27734375,-0.006,False
2019-06-07,14442.342989569795,14704.411239133084,14442.342989569795,14661.52734375,-0.006,False
2019-06-10,14918.830871523327,14952.18501272443,14733.00065626002,14861.65234375,-0.006,False
2019-06-11,14990.304211903363,15247.607589984349,14976.009579787751,15223.783203125,-0.006,False
2019-06-12,15104.66149074948,15190.42928470326,14823.533721678748,14833.0634765625,-0.006,False
2019-06-13,14480.461271535463,14532.874918783535,14132.62524888917,14208.86328125,-0.006,False
2019-06-14,14065.918062200957,14108.801958732058,13789.555173444976,13942.03125,-0.006,False
2019-06-17,13151.060766627234,13651.372861009793,13112.941749912374,13594.1943359375,-0.006,False
2019-06-18,13408.36489824938,13541.781464401114,13351.186369898634,13456.013671875,-0.006,False
2019-06-19,13946.796369126021,14056.388551049455,13837.204187202584,14018.26953125,-0.006,False
2019-06-20,14018.269209566562,14165.98040789986,13746.671199727918,14146.9208984375,-0.006,False
2019-06-21,14151.685698611802,14366.105178893798,14151.685698611802,14351.810546875,-0.006,False
2019-06-24,14099.272750081765,14199.335179196909,13932.502034889856,14113.5673828125,-0.006,False
2019-06-25,13961.090295887527,14027.798577164805,13627.548889501135,13646.6083984375,-0.006,False
2019-06-26,13718.080602093472,14023.032723848935,13684.726463776467,13951.5595703125,-0.006,False
2019-06-27,14289.86742977819,14561.46544361526,14261.278165163765,14366.10546875,-0.006,False
2019-06-28,14342.280974211517,14423.28389001271,14194.569774809335,14408.9892578125,-0.006,False
2019-07-01,15247.606928661617,15266.66643732244,14794.943597966972,15095.130859375,-0.006,False
2019-07-02,15104.660598128066,15576.38343699705,15071.306458006016,15543.029296875,-0.006,False
2019-07-03,15342.904026312232,15485.850337116382,15238.07673172252,15409.6123046875,-0.006,False
2019-07-04,15462.026385150022,15581.148314157344,15333.374701822118,15543.029296875,-0.006,False
2019-07-05,15609.737561922675,15990.927734375,15571.618544677443,15990.927734375,-0.006,False
2019-07-08,15943.279252102559,16052.87142867111,15895.630479681453,16005.22265625,-0.006,False
2019-07-09,15914.689626577707,15933.749135112532,15538.264333014942,15666.916015625,-0.006,False
2019-07-10,15666.917619913898,15819.393703806003,15562.090312238077,15633.5634765625,-0.006,False
2019-07-11,15662.151808868077,15909.925430426076,15662.151808868077,15876.5712890625,-0.006,False
2019-07-12,16005.222391703157,16014.752146029861,15700.270253248556,15847.9814453125,-0.006,False
2019-07-16,15909.925537917545,16024.28259479386,15766.979216822148,15833.6875,-0.006,False
2019-07-17,15566.853284961819,15833.686399120945,15409.612342689483,15795.5673828125,-0.006,False
2019-07-18,15638.326937144886,15867.041042258523,15600.207919625947,15724.0947265625,-0.006,False
2019-07-19,16105.284961795389,16505.534647236458,16086.225452964858,16272.0556640625,-0.006,False
2019-07-22,16305.408705260204,16505.533534488997,16291.114074601006,16457.884765625,-0.006,False
2019-07-23,16824.78264720603,16986.78848408085,16729.48509610319,16958.19921875,-0.006,False
2019-07-24,17244.091944177722,17339.38949567912,17039.20220844972,17058.26171875,-0.006,False
2019-07-25,17334.622221403304,17677.693359375,16958.19694501769,17677.693359375,0.994,True
2019-07-26,17344.152880739268,17496.628950020502,17239.32558310843,17434.685546875,-0.006,False
2019-07-29,17077.3214876033,17434.687311144113,16901.021014656508,17296.505859375,-0.006,False
2019-07-30,17549.042626169787,17977.881571691178,17506.15873161765,17820.640625,-0.006,False
2019-07-31,17734.872091468307,17977.880817063386,17672.928690826426,17815.875,-0.006,False
2019-08-01,17429.92033289323,17772.991482146466,17387.036439236577,17706.283203125,-0.006,False
2019-08-02,17105.906874576558,17625.27842035061,17058.258108909216,17582.39453125,-0.006,False
2019-08-05,17205.971785965263,17329.858594726018,16886.725009543312,17163.087890625,-0.006,False
2019-08-06,16400.708541165866,17415.627460186297,16362.589520733174,17344.154296875,-0.006,False
2019-08-07,17320.32933051992,17339.38884009958,17029.671809430034,17315.564453125,-0.006,False
2019-08-08,17372.743584563832,17615.75234013507,17325.094808961618,17506.16015625,-0.006,False
2019-08-09,17634.811850375954,17763.463544501905,17458.511380647797,17506.16015625,-0.006,False
2019-08-13,17248.85789250753,17453.747640954443,17201.209113798952,17401.333984375,-0.006,False
2019-08-14,17820.639875914138,17863.523768663665,17553.806765472644,17591.92578125,-0.006,False
2019-08-15,17210.737699603338,17568.103515625,17153.559169039872,17568.103515625,-0.006,False
2019-08-16,17839.701412898936,18030.29651346409,17711.049720017454,17915.939453125,-0.006,False
2019-08-19,18077.94416206493,18206.595846929387,17772.99202016399,17796.81640625,-0.006,False
2019-08-20,17877.82033726228,18077.945191783878,17811.11205242175,18039.826171875,-0.006,False
2019-08-21,18082.70889645626,18273.303983638936,18049.354756199293,18206.595703125,-0.006,False
2019-08-22,18397.1906583954,18640.199392810882,18349.541886941384,18392.42578125,-0.006,False
2019-08-23,18397.19052912205,18597.31536782268,18154.181796414145,18578.255859375,-0.006,False
2019-08-26,18106.536127907744,18182.774174762093,17958.824912127442,18025.533203125,-0.006,False
2019-08-27,18201.829621271583,18392.424695839876,18201.829621271583,18211.359375,-0.006,False
2019-08-28,18201.830540639086,18211.360294848848,17968.3515625,17968.3515625,-0.006,False
2019-08-29,18058.885411787338,18092.239553708845,17706.284482902836,17801.58203125,-0.006,False
2019-08-30,18073.179809281275,18197.066620523383,17930.233488617305,18111.298828125,-0.006,False
2019-09-02,17987.412000247692,18421.01583919406,17949.29298143922,18335.248046875,-0.006,False
2019-09-03,18401.957865295488,18478.195909273927,18120.830078125,18120.830078125,-0.006,False
2019-09-04,18101.76860491072,18378.131484375,18001.706183035716,18344.77734375,-0.006,False
2019-09-05,18583.021693812345,19197.69087291537,18573.49193909757,19107.158203125,-0.006,False
2019-09-06,19307.284149665702,19488.349499539174,18945.15344991877,19064.275390625,-0.006,False
2019-09-09,19064.27171384443,19497.875494389256,19064.27171384443,19426.40234375,-0.006,False
2019-09-10,19516.937423312884,19535.996932515336,19297.753067484664,19416.875,-0.006,False
2019-09-11,19416.87483245251,19464.52360504749,19183.39584673713,19440.69921875,-0.006,False
2019-09-12,19821.889618138423,20155.431029982097,19764.711090393797,19964.8359375,-0.006,False
2019-09-13,20107.782426075268,20107.782426075268,19774.24101142473,19941.01171875,-0.006,False
2019-09-17,19869.54096192924,20041.076567355965,19759.948769573275,19931.484375,-0.006,False
2019-09-18,19964.835152489468,20045.838063609357,19779.004944626202,19798.064453125,-0.006,False
2019-09-19,20012.4846795296,20079.19296179469,19678.943268204104,19802.830078125,-0.006,False
2019-09-20,19736.12225227191,19941.011981110074,19569.35154275247,19793.30078125,-0.006,False
2019-09-24,19917.186375163616,20122.076091463143,19893.36198954739,20022.013671875,-0.006,False
2019-09-25,19850.47888201074,19993.425201372316,19831.419372762528,19964.8359375,-0.006,False
2019-09-26,20203.08116432285,20326.967982783324,20069.6645905962,20160.197265625,-0.006,False
2019-09-27,19982.7853134034,20079.20406039208,19635.67782424416,20011.7109375,-0.006,False
2019-09-30,19751.37868068852,19915.29053695979,19669.42275255288,19828.513671875,-0.006,False
2019-10-01,20064.740175442505,20329.89171548319,20030.99361580096,20291.32421875,-0.006,False
2019-10-02,20108.129999399476,20252.75812214749,19958.680939226517,20069.5625,-0.006,False
2019-10-03,19896.007671084568,20267.219832624072,19838.156425130364,20108.12890625,-0.006,False
2019-10-04,20339.533510071178,20450.41506274518,20185.263523742127,20276.861328125,-0.006,False
2019-10-07,20320.251404525967,20363.63984168865,19977.964844686976,20098.48828125,-0.006,False
2019-10-08,20247.936878845245,20435.95343557738,20180.44375591576,20373.28125,-0.006,False
2019-10-09,20156.338918028563,20484.16265551384,20079.203920973203,20464.87890625,-0.006,False
2019-10-10,20460.05681103801,20652.894292763158,20329.891510873542,20609.505859375,-0.006,False
2019-10-11,20739.672499854685,20787.881873401533,20532.37219360323,20734.8515625,-0.006,False
2019-10-15,20990.360861005214,21077.137731813236,20850.55368025897,21024.107421875,-0.006,False
2019-10-16,21260.33359551753,21467.63390041713,21255.512658194286,21308.54296875,-0.006,False
2019-10-17,21019.28796522877,21245.872032743853,20893.943587454472,21178.37890625,-0.006,False
2019-10-18,21178.3784375,21216.9459375,20893.943125,20971.078125,-0.006,False
2019-10-21,20995.181640625,21197.661004323334,20971.076954470438,20995.181640625,-0.006,False
2019-10-23,20725.20966909124,20739.672481142243,20064.741252095308,20132.234375,-0.006,False
2019-10-24,20445.595083361408,20633.611638006798,20358.81821198661,20570.939453125,-0.006,False
2019-10-25,21019.28687728519,21236.229058358087,20975.89844107061,21096.421875,-0.006,False
2019-10-28,21337.469451789086,21771.353828350548,21327.82757675439,21708.681640625,-0.006,False
2019-10-29,21964.189272569445,22060.60801388889,21583.33524435764,21694.216796875,-0.006,False
2019-10-30,21332.6470219731,21414.60295403492,21038.56985398658,21192.83984375,-0.006,False
2019-10-31,21376.03726730606,21453.172268721686,20922.86913398924,21284.439453125,-0.006,False
2019-11-01,20672.178719937063,21486.917106986817,20604.68559911637,21448.349609375,-0.006,False
2019-11-05,21920.80057278766,22041.323997973428,21376.03469094798,21409.78125,-0.006,False
2019-11-06,21559.232658590558,21809.921410434643,21192.841405895368,21241.05078125,-0.006,False
2019-11-07,21241.05015899989,21496.559840894348,21216.945472028707,21366.39453125,-0.006,False
2019-11-08,21578.51440362432,21578.51440362432,20927.68789681259,21000.001953125,-0.006,False
2019-11-11,21072.31710969657,21212.124292533732,20990.361174929967,21081.958984375,-0.006,False
2019-11-12,21110.885699939838,21327.827891421293,21086.781011997453,21284.439453125,-0.006,False
2019-11-13,21289.26132512427,21472.45696152706,21163.91694232236,21337.470703125,-0.006,False
2019-11-14,21400.138911624606,21626.722946057216,21351.92954259639,21443.52734375,-0.006,False
2019-11-15,21472.454324611183,21935.26429658304,21265.154024665448,21930.443359375,-0.006,False
2019-11-18,21978.653601137466,22436.642654023643,21949.727976744656,22330.58203125,-0.006,False
2019-11-19,22224.51856792468,22234.16044148994,21925.62048740161,22050.96484375,-0.006,False
2019-11-20,21887.05498944913,22046.145917786544,21626.72437944247,21703.859375,-0.006,False
2019-11-21,21308.541684638836,21308.541684638836,20667.357059286576,20956.61328125,-0.006,False
2019-11-22,20681.82202800445,21289.260157498287,20633.6126526478,21120.52734375,-0.006,False
2019-11-25,21404.9609375,21525.484366202138,21236.228137317004,21404.9609375,-0.006,False
2019-11-26,21877.41530777242,21988.296875,21564.05435691186,21988.296875,-0.006,False
2019-11-27,21809.92194879998,22002.759454978583,21800.28007349105,21944.908203125,-0.006,False
2019-11-28,22031.683823174266,22084.71413434602,21800.278828970248,21834.025390625,-0.006,False
2019-11-29,21920.80202658324,21993.1160864906,21703.85984686117,21790.63671875,-0.006,False
2019-12-02,21969.01124106945,22094.355610669583,21732.785313746124,21761.7109375,-0.006,False
2019-12-03,21457.992120567797,21805.099609375,21351.93149898781,21805.099609375,-0.006,False
2019-12-04,21588.15617056564,21723.142408344967,21443.528058659216,21573.693359375,-0.006,False
2019-12-05,21732.78656396256,21766.533126950082,21433.88843464453,21631.546875,-0.006,False
2019-12-06,21694.219297361542,21901.519615091885,21641.18898352355,21674.935546875,-0.006,False
2019-12-09,21848.48693267407,21877.41255526808,21602.619140625,21602.619140625,-0.006,False
2019-12-10,21549.58866309691,21573.69334840239,21318.183684164327,21453.169921875,-0.006,False
2019-12-11,21597.79960981048,21761.711481849223,21535.127423442726,21621.904296875,-0.006,False
2019-12-12,21887.05443998512,22677.688124601318,21872.59162868116,22672.8671875,-0.006,False
2019-12-13,23502.067864719327,24066.117493472582,23463.500368736197,24003.4453125,-0.006,False
2019-12-16,23931.1332829436,24181.822028050985,23786.50516076626,24017.91015625,-0.006,False
2019-12-17,24104.686231479598,24172.179352927746,23738.295000761107,23752.7578125,-0.006,False
2019-12-18,23752.75661830129,23998.62440550108,23458.67946106232,23535.814453125,-0.006,False
2019-12-19,23497.248897231813,23502.069834633785,23044.08078144605,23053.72265625,-0.006,False
2019-12-20,23116.393748369,23357.44060705898,23063.363439457204,23092.2890625,-0.006,False
2019-12-23,23367.08429996146,23468.323988490283,23058.54429682601,23063.365234375,-0.006,False
2019-12-24,23044.081957267997,23053.723832563926,22798.214137221832,22909.095703125,-0.006,False
2019-12-25,22812.675235232793,22880.16835723052,22668.047116666225,22831.958984375,-0.006,False
2019-12-26,22947.662267141513,23159.783514989038,22880.16914282639,23097.111328125,-0.006,False
2019-12-27,23236.91875,23285.128125,23015.155625,23019.9765625,-0.006,False
2019-12-30,23015.15523527299,23126.03679589538,22692.15242824256,23068.185546875,-0.006,False
2020-01-06,22759.64451619701,22836.77951138006,22494.492970255298,22518.59765625,-0.006,False
2020-01-07,22648.76250199341,22740.360306918457,22431.820332434083,22672.8671875,-0.006,False
2020-01-08,22248.62741394174,22629.481491016802,22055.789906561964,22455.927734375,-0.006,False
2020-01-09,22904.27398670424,23632.235546795233,22904.27398670424,23608.130859375,-0.006,False
2020-01-10,23810.608836789823,24201.104750088063,23675.62259515587,23950.416015625,-0.006,False
2020-01-14,24533.75054463624,24649.453042783472,24230.031486999756,24393.943359375,-0.006,False
2020-01-15,24365.018125,24495.1834375,23998.626875,24104.6875,-0.006,False
2020-01-16,23699.72836670409,24172.18023406312,23622.5933679516,24152.896484375,-0.006,False
2020-01-17,24702.48255026224,24760.33379745255,24085.402580232272,24128.791015625,-0.006,False
2020-01-20,24017.911552447382,24340.91437742008,24008.26967707506,24278.2421875,-0.006,False
2020-01-21,24181.821703506095,24220.389202235765,23680.444220020323,23719.01171875,-0.006,False
2020-01-22,23911.84868879379,24249.314295288867,23772.041508960116,24220.388671875,-0.006,False
2020-01-23,24090.224062999903,24355.375618626273,24013.089064999498,24109.5078125,-0.006,False
2020-01-24,24408.40569954569,24553.033819432392,24104.68664778362,24307.166015625,-0.006,False
2020-01-27,23685.2652322217,23940.774912113364,23579.20461037988,23612.951171875,-0.006,False
2020-01-28,23130.857584434234,23429.75570244901,23048.901648849533,23400.830078125,-0.006,False
2020-01-29,23622.59197342868,23964.878510186518,23444.2172993436,23892.564453125,-0.006,False
2020-01-30,24099.864931824115,24157.716177909708,22995.87031902401,23092.2890625,-0.006,False
2020-01-31,23719.01053890306,23776.8617841199,22875.346546157525,23622.591796875,-0.006,False
2020-02-03,22778.92876733226,23280.30624707884,22629.479710869346,23207.9921875,-0.006,False
2020-02-04,23198.351173231058,23699.72867157188,23019.976486321342,23608.130859375,-0.006,False
2020-02-05,24090.22317928083,24104.685990875358,23709.369140625,23709.369140625,-0.006,False
2020-02-06,23858.81929377228,23931.133355078924,23584.025860807033,23670.802734375,-0.006,False
2020-02-07,23699.72796137064,23834.714206878853,23391.187971637577,23477.96484375,-0.006,False
2020-02-10,23140.49845837616,23612.950301901332,23101.930960945534,23453.859375,-0.006,False
2020-02-12,23776.86336736593,24273.419921875,23680.44461891758,24273.419921875,-0.006,False
2020-02-13,24490.360338455557,24948.349360532968,24384.299722816573,24784.4375,-0.006,False
2020-02-14,24726.588749513336,24871.21687633833,24577.139685127506,24765.15625,-0.006,False
2020-02-17,24553.033591598218,24697.661710142882,24302.344852787475,24504.82421875,-0.006,False
2020-02-18,24201.103981615368,24201.103981615368,23246.558446085517,23338.15625,-0.006,False
2020-02-19,23887.743464722553,24273.41843488962,23584.02442571599,24239.671875,-0.006,False
2020-02-20,24630.16857723401,24741.050134735742,24056.47704059457,24263.77734375,-0.006,False
2020-02-21,24162.5366223712,24413.22535029684,23935.952579823028,23955.236328125,-0.006,False
2020-02-25,22754.82264643813,23608.12849567956,22745.180772435404,23415.291015625,-0.006,False
2020-02-26,23294.768827639757,23386.36663552989,22875.347286248067,23285.126953125,-0.006,False
2020-02-27,23400.82998307237,23463.50216885316,22687.331252644944,22783.75,-0.006,False
2020-02-28,22103.99683300672,22200.415576007843,21250.690957446808,21525.484375,-0.006,False
2020-03-02,21356.752902479373,22706.615388414863,21269.976028383517,22494.494140625,-0.006,False
2020-03-03,22976.585439828727,22986.22731370192,22036.502737192,22060.607421875,-0.006,False
2020-03-04,21578.515484819472,22311.29795883479,21530.306111528997,22031.68359375,-0.006,False
2020-03-05,22301.654041675738,22489.670580289087,21901.51628001143,22137.7421875,-0.006,False
2020-03-06,21887.05656619122,22041.326568419878,21501.381560619568,21631.546875,-0.006,False
2020-03-09,20826.449840951933,20879.480153046952,20276.862970149035,20460.05859375,-0.006,False
2020-03-10,20296.147098796497,21342.29054783185,19486.2295898659,21255.513671875,-0.006,False
2020-03-11,21038.570349997,21231.40784174766,20064.741016656168,20088.845703125,-0.006,False
2020-03-12,19495.86928765528,20219.009839868013,19168.045570652168,19404.271484375,-0.006,False
2020-03-13,17741.048550291933,19404.2718518818,17114.326726504445,18165.291015625,-0.006,False
2020-03-16,18319.562173584385,18681.13247964197,17302.344379209044,17538.5703125,-0.006,False
2020-03-17,17215.565637183234,18203.857699805067,16593.66477826511,17311.984375,-0.006,False
2020-03-18,18083.335500143792,18092.977374577353,17196.283052256167,17287.880859375,-0.006,False
2020-03-19,17673.55657141978,17731.407820426066,15793.39097871555,15918.7353515625,-0.006,False
2020-03-23,15966.944924386324,16694.90648343896,15783.749300253872,16497.248046875,-0.006,False
2020-03-24,18319.56345552736,19471.767578125,18064.053754700268,19471.767578125,-0.006,False
2020-03-25,20874.657617279758,20922.866988220358,19307.853061710262,20411.84765625,-0.006,False
2020-03-26,20016.533537616884,20701.106698103777,19428.37913212813,19592.291015625,-0.006,False
2020-03-27,20440.774224238878,20657.716403505558,19992.42705375439,20585.40234375,-0.006,False
2020-03-30,19651.572000011547,20322.79248467911,19578.080706069843,19886.744140625,-0.006,False
2020-03-31,20376.688027741955,20459.978168754606,19680.970379283346,19945.5390625,-0.006,False
2020-04-01,19749.56223638804,19974.93555885736,18960.7556077454,19166.53125,-0.006,False
2020-04-02,19048.94532456253,19524.189073657843,18544.305054904627,19039.146484375,-0.006,False
2020-04-03,19744.661757204798,19974.934487375667,18843.168515684774,19210.625,-0.006,False
2020-04-06,19249.82078315503,20523.669956893977,18990.15152850825,20494.2734375,-0.006,False
2020-04-07,21924.90264195388,22037.58929240415,20969.51582291902,21660.333984375,-0.006,False
2020-04-08,21675.034551834662,22331.556846126216,21366.371085115497,22164.9765625,-0.006,False
2020-04-09,22385.44813703888,22478.537109375,21959.19863213137,22478.537109375,-0.006,False
2020-04-10,22816.598401447616,22816.598401447616,21929.803402379115,22189.47265625,-0.006,False
2020-04-13,21895.50748264685,22218.869195301744,21341.87303522258,21351.671875,-0.006,False
2020-04-14,21704.430076314555,22351.153500710385,21469.2579219888,22199.271484375,-0.006,False
2020-04-15,22258.064877736382,22454.0416761316,21826.91592126692,21905.306640625,-0.006,False
2020-04-16,21650.53751047089,22160.077202955392,21410.465924588778,22115.982421875,-0.006,False
2020-04-17,22733.308313779864,23076.267706444647,22556.92919755226,22968.48046875,-0.006,False
2020-04-20,22723.50872667509,23125.261144869863,22635.3191714616,22777.40234375,-0.006,False
2020-04-21,22468.73976769143,22527.53280676956,21890.6082167565,22042.490234375,-0.006,False
2020-04-22,21959.198523188898,22062.086334207856,21444.759468094107,21709.328125,-0.006,False
2020-04-23,21782.820577947445,21944.501432439632,21464.358288796164,21557.447265625,-0.006,False
2020-04-24,21155.69366732901,21336.97219111113,20837.231395819894,20881.326171875,-0.006,False
2020-04-27,20969.51797035641,21508.45417987492,20964.61855026988,21444.76171875,-0.006,False
2020-04-28,21248.7846786917,21728.927841825614,21248.7846786917,21640.73828125,-0.006,False
2020-04-30,22341.35336066913,22650.016795257325,21920.003275358267,22478.537109375,-0.006,False
2020-05-01,21660.33446871396,21910.204873125724,21170.392499279125,21238.984375,-0.006,False
2020-05-07,21145.895598655527,22022.891732149346,21126.297919694767,21910.205078125,-0.006,False
2020-05-08,22047.38868316474,22267.86256999638,21714.228143063585,22037.58984375,-0.006,False
2020-05-11,22282.562524070207,22615.72308951364,22066.988040547974,22262.96484375,-0.006,False
2020-05-12,22409.946191427523,22664.716021325694,22307.058375507106,22493.236328125,-0.006,False
2020-05-13,22145.377750082404,22321.75686490607,21924.90385655282,22297.259765625,-0.006,False
2020-05-14,22135.579716697335,22140.479136732018,21581.94525277817,21630.939453125,0.994,True
2020-05-15,22302.159454772474,22478.538571725854,21787.720363658435,22071.88671875,-0.006,False
2020-05-18,21493.7551577801,21650.53659499208,21165.49402361751,21263.482421875,-0.006,False
2020-05-19,21856.31209970341,21895.50745877035,21371.269531250004,21371.26953125,-0.006,False
2020-05-20,21469.25740205433,21939.601699315226,21449.659723001798,21822.015625,-0.006,False
2020-05-21,21949.401743264654,22062.08840400017,21537.850460578444,21640.73828125,-0.006,False
2020-05-22,21763.223734110168,21802.41909427966,21459.45969279661,21679.93359375,-0.006,False
2020-05-25,21973.899395784592,22022.89359733595,21763.22432911375,21988.59765625,-0.006,False
2020-05-26,22390.348812892433,22507.934889809152,22174.774338545107,22238.466796875,-0.006,False
2020-05-27,21748.524767837767,21875.90968425223,21287.979300800882,21449.66015625,-0.006,False
2020-05-28,21645.637701281976,21645.637701281976,21327.17539920336,21640.73828125,-0.006,False
2020-05-29,21449.660616824127,21577.04553597384,21067.505859375,21067.505859375,-0.006,False
2020-06-01,21381.06859030561,22017.99318167585,21243.88483216433,22003.294921875,-0.006,False
2020-06-02,21949.40104740904,22243.366240008265,21812.217290862733,22218.869140625,-0.006,False
2020-06-03,22507.934645137524,22801.899834233787,22233.56713531434,22444.2421875,-0.006,False
2020-06-04,22831.29602922148,22953.781522940484,22620.620980024803,22718.609375,-0.006,False
2020-06-05,22762.70437847368,23399.628952128773,22684.31366171612,23360.43359375,-0.006,False
2020-06-08,23781.785253139213,23869.97481526457,23576.00960818004,23703.39453125,-0.006,False
2020-06-09,23556.409745458892,23595.605102772464,22978.278225083654,23061.568359375,-0.006,False
2020-06-10,23027.273002381706,23625.00221648608,22968.479964928814,23399.62890625,-0.006,False
2020-06-11,23198.75312159387,23531.913673287294,23012.575166235776,23037.072265625,-0.006,False
2020-06-12,22356.054259608372,22752.907293802607,21890.609342960826,22699.013671875,-0.006,False
2020-06-15,22439.342980533016,22517.733698368946,21439.861328125,21439.861328125,-0.006,False
2020-06-16,22145.37834918184,22669.616287978843,22086.58530931675,22605.923828125,-0.006,False
2020-06-17,22478.538920208153,22801.900639635733,22341.355160451,22596.125,-0.006,False
2020-06-18,22713.709932530703,22806.798907664022,22463.839525593892,22738.20703125,-0.006,False
2020-06-19,23625.003022394154,24433.407314948086,23487.81926365773,24359.916015625,-0.006,False
2020-06-22,24595.08888529001,24942.94771215368,24203.135277556303,24580.390625,-0.006,False
2020-06-23,24987.040969741094,25202.615440852587,24555.89202751811,25026.236328125,-0.006,False
2020-06-24,24893.951071901363,25114.424954647973,24820.45977765248,24982.140625,-0.006,False
2020-06-25,24840.057401001908,25129.12315773941,24756.767267704665,25031.134765625,-0.006,False
2020-06-26,25232.011966730624,26035.516813826507,25134.02357074332,25854.23828125,-0.006,False
2020-06-29,25476.98331136146,26011.02007692654,25408.39143321548,25550.474609375,-0.006,False
2020-06-30,26143.304971161117,26162.902651049546,25810.144413057867,25908.1328125,-0.006,False
2020-07-01,26260.89051514332,27201.579130611142,26221.695156165493,27177.08203125,-0.006,False
2020-07-02,27632.72883660043,27632.72883660043,26932.11177567244,27368.16015625,-0.006,False
2020-07-03,27392.656342147788,28230.457135298788,27221.1766476432,28142.267578125,-0.006,False
2020-07-06,28220.65932203389,28970.270585275426,28220.65932203389,28906.578125,-0.006,False
2020-07-07,29210.34164422596,29729.68015718938,29048.66078641658,29337.7265625,-0.006,False
2020-07-08,29107.453977731362,29445.51395491761,29058.459778139157,29210.341796875,-0.006,False
2020-07-09,29298.530347903048,29523.903658271534,29146.648334393853,29234.837890625,-0.006,False
2020-07-10,29234.839134332262,29808.07127422112,28999.66697437785,29014.365234375,-0.006,False
2020-07-13,29205.443025401968,29225.040705674004,28450.932334928573,28681.205078125,-0.006,False
2020-07-14,28191.260658395084,28539.11945345001,28024.68039034061,28264.751953125,-0.006,False
2020-07-15,28416.63552552681,28661.606521436523,28152.066849944316,28597.9140625,-0.006,False
2020-07-16,27926.691472178267,28019.780443752203,27613.12862056083,27867.8984375,-0.006,False
2020-07-17,28024.680839668657,28387.23789948256,27755.212754671848,27872.798828125,-0.006,False
2020-07-20,28201.0620895218,28744.89772050459,28107.97310764187,28534.22265625,-0.006,False
2020-07-21,29063.359209836406,29308.330207896386,28730.198652474828,29200.54296875,-0.006,False
2020-07-22,28931.07503529585,29215.241394660323,28798.790695591702,29063.359375,-0.006,False
2020-07-27,28416.634915136816,28548.919250086597,28039.379589539312,28289.25,-0.006,False
2020-07-28,28607.712183493935,28779.19187632187,28220.658019682323,28377.439453125,-0.006,False
2020-07-29,29004.566251513574,29381.82158958225,28024.68225653001,28323.546875,-0.006,False
2020-07-30,28504.82364032321,28666.5044894347,28156.96484375,28156.96484375,-0.006,False
2020-07-31,28264.752981567384,28323.54601949056,27652.32550320096,28220.658203125,-0.006,False
2020-08-03,28416.634811485674,28563.617405338184,28034.48006746914,28377.439453125,-0.006,False
2020-08-04,28808.589189914164,29131.95090531116,28519.52341402897,28539.12109375,-0.006,False
2020-08-05,28519.523343808887,28632.210001927357,28279.45176781737,28597.9140625,-0.006,False
2020-08-06,28333.346121920404,28333.346121920404,27960.990198478252,27990.38671875,-0.006,False
2020-08-07,27652.326504619283,27701.320704662896,27005.603064043487,27377.958984375,-0.006,False
2020-08-11,27255.47146213127,27505.341863815374,26932.10976583419,27446.548828125,-0.006,False
2020-08-12,27142.786942405262,27304.46780325353,26951.709561402768,27279.970703125,-0.006,False
2020-08-13,27965.8894519683,28446.03261354729,27882.599311694394,28127.5703125,-0.006,False
2020-08-14,28210.859490730654,28240.256009824854,27804.207643260943,28112.87109375,-0.006,False
2020-08-17,28005.083903250434,28245.155476248907,27916.89434582242,28073.67578125,-0.006,False
2020-08-18,28343.1434916726,28671.40461767814,28186.362058356517,28397.037109375,-0.006,False
2020-08-19,28191.262748857705,28303.949409132943,27814.00740793625,28147.16796875,-0.006,False
2020-08-20,27936.491067108163,27985.485263998922,27181.980434990543,27211.376953125,-0.006,False
2020-08-21,27480.84578376341,27789.509232573724,27289.76841069035,27412.25390625,-0.006,False
2020-08-24,26995.80434163412,27387.757943690507,26946.81014137707,27279.970703125,-0.006,False
2020-08-25,27622.930044650864,27622.930044650864,27270.17180356983,27328.96484375,-0.006,False
2020-08-26,27407.354509479515,27524.94058531568,27299.56727329637,27392.65625,-0.006,False
2020-08-27,27392.657984452748,27569.037109375004,27157.485817889752,27569.037109375,-0.006,False
2020-08-28,27172.183299576503,27255.473439513902,26378.47726017308,26608.75,-0.006,False
2020-08-31,27098.691010949013,27108.48985058414,26598.950189557443,26603.849609375,-0.006,False
2020-09-01,27044.797951117573,27177.08228892195,26809.6257950209,26961.5078125,-0.006,False
2020-09-02,27186.88067459629,27353.460949048665,26937.010262917716,27343.662109375,-0.006,False
2020-09-03,27833.604757294066,28044.279815305625,27559.237239883678,27613.130859375,-0.006,False
2020-09-04,26780.228424417408,27039.897671855048,26672.441189631983,26858.619140625,-0.006,False
2020-09-07,26368.678338068185,26432.370797821968,25849.339820075762,25868.9375,-0.006,False
2020-09-08,25991.420848819154,26064.91214245389,25525.97598913248,26035.515625,-0.006,False
2020-09-09,25251.61005493516,25530.876988022334,25207.515276026654,25501.48046875,-0.006,False
2020-09-10,25868.93647420868,25873.83589399546,25011.53801152184,25075.23046875,-0.006,False
2020-09-11,25060.532209389658,25261.40842064772,24756.768182609176,25075.23046875,-0.006,False
2020-09-14,24972.34173035636,25138.921996950845,24756.767267704665,25031.134765625,-0.006,False
2020-09-15,25418.189566503,25692.5570714614,25246.709875904,25320.201171875,-0.006,False
2020-09-16,25462.28592376242,25633.765625,25339.80042287844,25633.765625,-0.006,False
2020-09-17,25829.742414381923,25844.44067448116,25472.084751967304,25643.564453125,-0.006,False
2020-09-18,25672.959897519522,25839.54017166373,25604.368019930727,25726.853515625,-0.006,False
2020-09-23,25805.244438092028,26422.57134130061,25805.244438092028,26378.4765625,-0.006,False
2020-09-24,26500.96144178464,27020.299935559684,26339.28058994902,26907.61328125,-0.006,False
2020-09-25,27142.78439431467,27172.180911709234,26799.825024711405,26951.70703125,-0.006,False
2020-09-28,27132.986096496297,27147.684355486817,26265.788816055734,26481.36328125,-0.006,False
2020-09-29,26749.503959644786,27732.686024617808,26694.882733812956,27608.546875,-0.006,False
2020-09-30,27459.581396645164,27747.584239503285,27102.060626200604,27141.78515625,-0.006,False
2020-10-02,27290.751391597132,27886.61932591148,27290.751391597132,27375.166015625,-0.006,False
2020-10-05,27375.165116647466,27504.26983150922,26759.43493807604,26938.1953125,-0.006,False
2020-10-06,27087.16336753408,27097.094499841158,26759.43600140076,26863.712890625,-0.006,False
2020-10-07,26749.50539058248,27494.340328133505,26734.60869183146,27370.201171875,-0.006,False
2020-10-08,27459.58048815824,28403.03804561757,27459.58048815824,28383.17578125,-0.006,False
2020-10-09,28676.14436946282,28686.075501711992,28085.24200063753,28234.208984375,-0.006,False
2020-10-12,28259.035796635762,28502.348527972106,28164.690043668597,28214.345703125,-0.006,False
2020-10-13,28363.31311967299,28547.0390625,28234.208403091845,28547.0390625,-0.006,False
2020-10-14,28651.317170141832,29346.496442900905,28641.38603767384,29276.978515625,-0.006,False
2020-10-15,28844.973462175243,29321.667807564954,28730.765441925625,29242.21875,-0.006,False
2020-10-16,29182.631573916515,29346.495252994144,28651.316008422367,28815.1796875,-0.006,False
2020-10-19,28730.765145709647,29048.561372692955,28730.765145709647,28854.904296875,-0.006,False
2020-10-20,28998.905263943376,29411.047239441203,28904.559510516163,29113.11328125,-0.006,False
2020-10-21,29118.078651202748,29217.389969931268,28894.628184063575,28899.59375,-0.006,False
2020-10-22,28720.835128205126,29048.5625,28696.007297008546,29048.5625,-0.006,False
2020-10-23,28835.04152982205,28884.69718942223,28249.104746539986,28254.0703125,-0.006,False
2020-10-26,28447.728543462963,28502.349771247584,28055.448816646138,28219.3125,0.994,True
2020-10-27,27971.033133541925,28333.51944966984,27851.859550157402,28293.794921875,-0.006,False
2020-10-28,27985.930888692237,28591.729960448884,27985.930888692237,28581.798828125,-0.006,False
2020-10-29,28224.278247057682,28840.008455121573,28154.760320340785,28795.318359375,-0.006,False
2020-10-30,29093.25234375,29098.21790994624,27692.962676411287,27707.859375,-0.006,False
2020-11-02,27851.85977221014,27891.58430032169,27186.473926341685,27687.99609375,-0.006,False
2020-11-04,28055.447546242387,28204.414524364027,27648.271139376568,27717.7890625,-0.006,False
2020-11-05,28303.727174322285,29222.35691594503,28303.727174322285,28849.939453125,-0.006,False
2020-11-06,28432.830892207417,28998.905415733727,28408.003062228192,28830.076171875,-0.006,False
2020-11-09,29113.113563763156,29912.569692667446,29098.216865709037,29728.84375,-0.006,False
2020-11-10,29699.05112985664,29912.570474211065,29118.079890566678,29267.046875,-0.006,False
2020-11-11,29093.251349973285,29833.120687939838,29003.871161494117,29634.498046875,-0.006,False
2020-11-12,30051.605387315933,30190.6412351092,29733.809163788468,30011.880859375,-0.006,False
2020-11-13,30041.674434896675,30935.476318910132,29912.569718316958,30816.302734375,-0.006,False
2020-11-16,31511.482168814284,32544.319907722787,31422.10197987028,32345.697265625,-0.006,False
2020-11-17,32454.93816287879,33209.70416666667,32385.420241477277,32772.734375,-0.006,False
2020-11-18,32137.14308677016,32584.044025863066,31928.58931519346,32147.07421875,-0.006,False
2020-11-19,31769.691509433964,31878.93396226415,31352.58396226415,31581.0,-0.006,False
2020-11-20,31630.655375529903,32067.625182915566,31580.999715599715,31918.658203125,-0.006,False
2020-11-24,32961.42682514179,33865.15982938641,32872.04663790881,33706.26171875,-0.006,False
2020-11-25,33815.50357659892,34202.817714480676,33547.363019603865,33656.60546875,-0.006,False
2020-11-26,33765.847767857136,34758.9609375,33716.192109375,34758.9609375,-0.006,False
2020-11-27,34709.30619408548,34997.30902087475,34282.26751988071,34967.515625,-0.006,False
2020-11-30,35553.45393113899,35712.352049266985,34967.517120542005,35225.7265625,-0.006,False
2020-12-01,35533.590767122834,36606.15303734341,35503.797370727814,36467.1171875,-0.006,False
2020-12-02,37062.985876017636,37112.641537695046,36298.28868618555,36596.22265625,-0.006,False
2020-12-03,36596.223072361856,37480.09386026964,36546.567410119846,37291.40234375,-0.006,False
2020-12-04,36765.04945840778,36874.291906825514,35881.17873939149,36129.45703125,-0.006,False
2020-12-07,36616.083048844535,36963.67266281513,36258.56230304622,36635.9453125,-0.006,False
2020-12-08,36606.151884621824,37380.78016649933,36308.21793005355,37092.77734375,-0.006,False
2020-12-09,36973.60632629641,37321.19596406712,36626.01668852569,36914.01953125,-0.006,False
2020-12-10,36338.01284171643,36427.393031816304,35930.836420150335,36169.18359375,-0.006,False
2020-12-11,35831.52350412655,36328.080093707016,35831.52350412655,36099.6640625,-0.006,False
2020-12-14,36208.906741740466,36626.014279632145,36020.21523650375,36447.25390625,-0.006,False
2020-12-15,35940.76712748628,36308.21901577503,35801.73127786351,36198.9765625,-0.006,False
2020-12-16,36506.84382317493,36546.56835399449,35990.424922520666,36050.01171875,-0.006,False
2020-12-17,36198.97814597317,37023.26214765101,36149.32248322149,36993.46875,-0.006,False
2020-12-18,36258.56491487069,36576.36115625,35831.52621551724,36000.35546875,-0.006,False
2020-12-21,36238.70253756175,36437.325187808725,35841.457237067785,36189.046875,-0.006,False
2020-12-22,36050.00876603675,36328.08045899792,35732.212545509705,35801.73046875,-0.006,False
2020-12-23,36089.73384504923,36308.21875,35811.66214783917,36308.21875,-0.006,False
2020-12-24,36198.97715111301,36298.28847388698,36069.872431506854,36248.6328125,-0.006,False
2020-12-25,36347.94440436934,36347.94440436934,36129.45949264908,36139.390625,-0.006,False
2020-12-28,36079.80148349719,37162.29483931916,36069.8703517924,37122.5703125,-0.006,False
2020-12-29,37241.74645547724,38532.79366593378,37152.366263984084,38393.7578125,-0.006,False
2020-12-30,38234.858194986984,38612.2412109375,37917.061971028656,38135.546875,-0.006,False
